Timestamp,Current,Voltage,Power,kWh per Minute,Cost per Minute
2023-12-01 21:17:09,73,239.6,5.9,9.833333333333334e-05,0.0008692666666666667
2023-12-01 21:17:12,73,239.6,5.9,9.833333333333334e-05,0.0008692666666666667
2023-12-01 21:18:10,73,239.6,5.9,9.833333333333334e-05,0.0008692666666666667
2023-12-01 21:18:12,73,239.6,5.9,9.833333333333334e-05,0.0008692666666666667
2023-12-01 21:19:10,73,239.6,5.9,9.833333333333334e-05,0.0008692666666666667
2023-12-01 21:19:12,73,239.6,5.9,9.833333333333334e-05,0.0008692666666666667
2023-12-01 21:19:58,73,239.6,5.9,9.833333333333334e-05,0.0008692666666666667
2023-12-01 21:20:10,73,239.6,5.9,9.833333333333334e-05,0.0008692666666666667
2023-12-01 21:20:12,73,239.6,5.9,9.833333333333334e-05,0.0008692666666666667
2023-12-01 21:20:58,73,239.6,5.9,9.833333333333334e-05,0.0008692666666666667
2023-12-01 21:21:10,73,239.6,5.9,9.833333333333334e-05,0.0008692666666666667
2023-12-01 21:21:13,73,239.6,5.9,9.833333333333334e-05,0.0008692666666666667
2023-12-01 21:21:57,73,239.6,5.9,9.833333333333334e-05,0.0008692666666666667
2023-12-01 21:22:11,73,239.6,5.9,9.833333333333334e-05,0.0008692666666666667
2023-12-01 21:22:13,73,239.6,5.9,9.833333333333334e-05,0.0008692666666666667
2023-12-01 21:22:57,73,239.6,5.9,9.833333333333334e-05,0.0008692666666666667
2023-12-01 21:23:11,73,239.6,5.9,9.833333333333334e-05,0.0008692666666666667
2023-12-01 21:23:13,73,239.6,5.9,9.833333333333334e-05,0.0008692666666666667
2023-12-01 21:23:58,73,239.6,5.9,9.833333333333334e-05,0.0008692666666666667
2023-12-01 21:24:11,73,239.6,5.9,9.833333333333334e-05,0.0008692666666666667
2023-12-01 21:24:13,73,239.6,5.9,9.833333333333334e-05,0.0008692666666666667
2023-12-01 21:24:58,73,239.6,5.9,9.833333333333334e-05,0.0008692666666666667
2023-12-01 21:25:12,73,239.6,5.9,9.833333333333334e-05,0.0008692666666666667
2023-12-01 21:25:14,73,239.6,5.9,9.833333333333334e-05,0.0008692666666666667
2023-12-01 21:25:59,73,239.6,5.9,9.833333333333334e-05,0.0008692666666666667
2023-12-01 21:26:12,73,239.6,5.9,9.833333333333334e-05,0.0008692666666666667
2023-12-01 21:26:14,73,239.6,5.9,9.833333333333334e-05,0.0008692666666666667
2023-12-01 21:27:00,73,239.6,5.9,9.833333333333334e-05,0.0008692666666666667
2023-12-01 21:27:12,73,239.6,5.9,9.833333333333334e-05,0.0008692666666666667
2023-12-01 21:27:14,73,239.6,5.9,9.833333333333334e-05,0.0008692666666666667
2023-12-01 21:28:01,73,239.6,5.9,9.833333333333334e-05,0.0008692666666666667
2023-12-01 21:28:12,73,239.6,5.9,9.833333333333334e-05,0.0008692666666666667
2023-12-01 21:28:14,73,239.6,5.9,9.833333333333334e-05,0.0008692666666666667
2023-12-01 21:29:02,73,239.6,5.9,9.833333333333334e-05,0.0008692666666666667
2023-12-01 21:29:13,73,239.6,5.9,9.833333333333334e-05,0.0008692666666666667
2023-12-01 21:29:15,73,239.6,5.9,9.833333333333334e-05,0.0008692666666666667
2023-12-01 21:30:03,73,239.6,5.9,9.833333333333334e-05,0.0008692666666666667
2023-12-01 21:30:14,73,239.6,5.9,9.833333333333334e-05,0.0008692666666666667
2023-12-01 21:30:15,73,239.6,5.9,9.833333333333334e-05,0.0008692666666666667
2023-12-01 21:30:58,73,239.6,5.9,9.833333333333334e-05,0.0008692666666666667
2023-12-01 21:31:14,73,239.6,5.9,9.833333333333334e-05,0.0008692666666666667
2023-12-01 21:31:15,73,239.6,5.9,9.833333333333334e-05,0.0008692666666666667
2023-12-01 21:31:58,73,239.6,5.9,9.833333333333334e-05,0.0008692666666666667
2023-12-01 21:32:14,73,239.6,5.9,9.833333333333334e-05,0.0008692666666666667
2023-12-01 21:32:16,73,239.6,5.9,9.833333333333334e-05,0.0008692666666666667
2023-12-01 21:32:59,73,239.6,5.9,9.833333333333334e-05,0.0008692666666666667
2023-12-01 21:33:15,73,239.6,5.9,9.833333333333334e-05,0.0008692666666666667
2023-12-01 21:33:16,73,239.6,5.9,9.833333333333334e-05,0.0008692666666666667
2023-12-01 21:34:00,73,239.6,5.9,9.833333333333334e-05,0.0008692666666666667
2023-12-01 21:34:15,73,239.6,5.9,9.833333333333334e-05,0.0008692666666666667
2023-12-01 21:34:16,73,239.6,5.9,9.833333333333334e-05,0.0008692666666666667
2023-12-01 21:35:01,73,239.6,5.9,9.833333333333334e-05,0.0008692666666666667
2023-12-01 21:35:15,73,239.6,5.9,9.833333333333334e-05,0.0008692666666666667
2023-12-01 21:35:17,73,239.6,5.9,9.833333333333334e-05,0.0008692666666666667
2023-12-01 21:36:02,73,239.6,5.9,9.833333333333334e-05,0.0008692666666666667
2023-12-01 21:36:15,73,239.6,5.9,9.833333333333334e-05,0.0008692666666666667
2023-12-01 21:36:17,73,239.6,5.9,9.833333333333334e-05,0.0008692666666666667
2023-12-01 21:37:03,73,239.6,5.9,9.833333333333334e-05,0.0008692666666666667
2023-12-01 21:37:16,73,239.6,5.9,9.833333333333334e-05,0.0008692666666666667
2023-12-01 21:37:17,73,239.6,5.9,9.833333333333334e-05,0.0008692666666666667
2023-12-01 21:38:04,73,239.6,5.9,9.833333333333334e-05,0.0008692666666666667
2023-12-01 21:38:16,73,239.6,5.9,9.833333333333334e-05,0.0008692666666666667
2023-12-01 21:38:17,73,239.6,5.9,9.833333333333334e-05,0.0008692666666666667
2023-12-01 21:39:05,73,239.6,5.9,9.833333333333334e-05,0.0008692666666666667
2023-12-01 21:39:16,73,239.6,5.9,9.833333333333334e-05,0.0008692666666666667
2023-12-01 21:39:18,73,239.6,5.9,9.833333333333334e-05,0.0008692666666666667
2023-12-01 21:39:59,73,239.6,5.9,9.833333333333334e-05,0.0008692666666666667
2023-12-01 21:40:16,73,239.6,5.9,9.833333333333334e-05,0.0008692666666666667
2023-12-01 21:40:18,73,239.6,5.9,9.833333333333334e-05,0.0008692666666666667
2023-12-01 21:40:58,73,239.6,5.9,9.833333333333334e-05,0.0008692666666666667
2023-12-01 21:41:17,73,239.6,5.9,9.833333333333334e-05,0.0008692666666666667
2023-12-01 21:41:18,73,239.6,5.9,9.833333333333334e-05,0.0008692666666666667
2023-12-01 21:41:59,73,239.6,5.9,9.833333333333334e-05,0.0008692666666666667
2023-12-01 21:42:17,73,239.6,5.9,9.833333333333334e-05,0.0008692666666666667
2023-12-01 21:42:19,73,239.6,5.9,9.833333333333334e-05,0.0008692666666666667
2023-12-01 21:43:00,73,239.6,5.9,9.833333333333334e-05,0.0008692666666666667
2023-12-01 21:43:17,73,239.6,5.9,9.833333333333334e-05,0.0008692666666666667
2023-12-01 21:43:20,73,239.6,5.9,9.833333333333334e-05,0.0008692666666666667
2023-12-01 21:44:01,73,239.6,5.9,9.833333333333334e-05,0.0008692666666666667
2023-12-01 21:44:18,73,239.6,5.9,9.833333333333334e-05,0.0008692666666666667
2023-12-01 21:44:20,73,239.6,5.9,9.833333333333334e-05,0.0008692666666666667
2023-12-01 21:45:02,73,239.6,5.9,9.833333333333334e-05,0.0008692666666666667
2023-12-01 21:45:18,73,239.6,5.9,9.833333333333334e-05,0.0008692666666666667
2023-12-01 21:45:20,73,239.6,5.9,9.833333333333334e-05,0.0008692666666666667
2023-12-01 21:46:03,73,239.6,5.9,9.833333333333334e-05,0.0008692666666666667
2023-12-01 21:46:18,73,239.6,5.9,9.833333333333334e-05,0.0008692666666666667
2023-12-01 21:46:21,73,239.6,5.9,9.833333333333334e-05,0.0008692666666666667
2023-12-01 21:47:04,73,239.6,5.9,9.833333333333334e-05,0.0008692666666666667
2023-12-01 21:47:19,73,239.6,5.9,9.833333333333334e-05,0.0008692666666666667
2023-12-01 21:47:21,73,239.6,5.9,9.833333333333334e-05,0.0008692666666666667
2023-12-01 21:47:58,73,239.6,5.9,9.833333333333334e-05,0.0008692666666666667
2023-12-01 21:48:19,73,239.6,5.9,9.833333333333334e-05,0.0008692666666666667
2023-12-01 21:48:21,175,237.8,23.1,0.00038500000000000003,0.0034034000000000004
2023-12-01 21:48:58,384,238.7,49.8,0.0008299999999999999,0.007337199999999999
2023-12-01 21:49:19,384,238.7,49.8,0.0008299999999999999,0.007337199999999999
2023-12-01 21:49:22,384,238.7,49.8,0.0008299999999999999,0.007337199999999999
2023-12-01 21:49:57,384,238.7,49.8,0.0008299999999999999,0.007337199999999999
2023-12-01 21:50:20,384,238.7,49.8,0.0008299999999999999,0.007337199999999999
2023-12-01 21:50:22,384,238.7,49.8,0.0008299999999999999,0.007337199999999999
2023-12-01 21:50:58,384,238.7,49.8,0.0008299999999999999,0.007337199999999999
2023-12-01 21:51:20,384,238.7,49.8,0.0008299999999999999,0.007337199999999999
2023-12-01 21:51:22,384,238.7,49.8,0.0008299999999999999,0.007337199999999999
2023-12-01 21:51:58,384,238.7,49.8,0.0008299999999999999,0.007337199999999999
2023-12-01 21:52:20,384,238.7,49.8,0.0008299999999999999,0.007337199999999999
2023-12-01 21:52:23,384,238.7,49.8,0.0008299999999999999,0.007337199999999999
2023-12-01 21:52:59,384,238.7,49.8,0.0008299999999999999,0.007337199999999999
2023-12-01 21:53:20,384,238.7,49.8,0.0008299999999999999,0.007337199999999999
2023-12-01 21:53:23,384,238.7,49.8,0.0008299999999999999,0.007337199999999999
2023-12-01 21:54:00,384,238.7,49.8,0.0008299999999999999,0.007337199999999999
2023-12-01 21:54:21,384,238.7,49.8,0.0008299999999999999,0.007337199999999999
2023-12-01 21:54:23,384,238.7,49.8,0.0008299999999999999,0.007337199999999999
2023-12-01 21:55:01,384,238.7,49.8,0.0008299999999999999,0.007337199999999999
2023-12-01 21:55:21,384,238.7,49.8,0.0008299999999999999,0.007337199999999999
2023-12-01 21:55:23,384,238.7,49.8,0.0008299999999999999,0.007337199999999999
2023-12-01 21:56:02,384,238.7,49.8,0.0008299999999999999,0.007337199999999999
2023-12-01 21:56:21,384,238.7,49.8,0.0008299999999999999,0.007337199999999999
2023-12-01 21:56:24,384,238.7,49.8,0.0008299999999999999,0.007337199999999999
2023-12-01 21:57:03,384,238.7,49.8,0.0008299999999999999,0.007337199999999999
2023-12-01 21:57:21,384,238.7,49.8,0.0008299999999999999,0.007337199999999999
2023-12-01 21:57:24,384,238.7,49.8,0.0008299999999999999,0.007337199999999999
2023-12-01 21:58:04,384,238.7,49.8,0.0008299999999999999,0.007337199999999999
2023-12-01 21:58:22,384,238.7,49.8,0.0008299999999999999,0.007337199999999999
2023-12-01 21:58:24,384,238.7,49.8,0.0008299999999999999,0.007337199999999999
2023-12-01 21:59:05,384,238.7,49.8,0.0008299999999999999,0.007337199999999999
2023-12-01 21:59:22,384,238.7,49.8,0.0008299999999999999,0.007337199999999999
2023-12-01 21:59:24,384,238.7,49.8,0.0008299999999999999,0.007337199999999999
2023-12-01 22:00:06,384,238.7,49.8,0.0008299999999999999,0.007337199999999999
2023-12-01 22:00:22,384,238.7,49.8,0.0008299999999999999,0.007337199999999999
2023-12-01 22:00:25,384,238.7,49.8,0.0008299999999999999,0.007337199999999999
2023-12-01 22:01:07,384,238.7,49.8,0.0008299999999999999,0.007337199999999999
2023-12-01 22:01:22,384,238.7,49.8,0.0008299999999999999,0.007337199999999999
2023-12-01 22:01:25,384,238.7,49.8,0.0008299999999999999,0.007337199999999999
2023-12-01 22:02:08,384,238.7,49.8,0.0008299999999999999,0.007337199999999999
2023-12-01 22:02:23,384,238.7,49.8,0.0008299999999999999,0.007337199999999999
2023-12-01 22:02:25,384,238.7,49.8,0.0008299999999999999,0.007337199999999999
2023-12-01 22:03:09,384,238.7,49.8,0.0008299999999999999,0.007337199999999999
2023-12-01 22:03:23,384,238.7,49.8,0.0008299999999999999,0.007337199999999999
2023-12-01 22:03:26,384,238.7,49.8,0.0008299999999999999,0.007337199999999999
2023-12-01 22:04:10,384,238.7,49.8,0.0008299999999999999,0.007337199999999999
2023-12-01 22:04:24,384,238.7,49.8,0.0008299999999999999,0.007337199999999999
2023-12-01 22:04:26,384,238.7,49.8,0.0008299999999999999,0.007337199999999999
2023-12-01 22:05:11,384,238.7,49.8,0.0008299999999999999,0.007337199999999999
2023-12-01 22:05:24,384,238.7,49.8,0.0008299999999999999,0.007337199999999999
2023-12-01 22:05:26,384,238.7,49.8,0.0008299999999999999,0.007337199999999999
2023-12-01 22:06:12,384,238.7,49.8,0.0008299999999999999,0.007337199999999999
2023-12-01 22:06:25,384,238.7,49.8,0.0008299999999999999,0.007337199999999999
2023-12-01 22:06:27,384,238.7,49.8,0.0008299999999999999,0.007337199999999999
2023-12-01 22:07:02,384,238.7,49.8,0.0008299999999999999,0.007337199999999999
2023-12-01 22:07:25,384,238.7,49.8,0.0008299999999999999,0.007337199999999999
2023-12-01 22:07:27,384,238.7,49.8,0.0008299999999999999,0.007337199999999999
2023-12-01 22:07:59,384,238.7,49.8,0.0008299999999999999,0.007337199999999999
2023-12-01 22:08:25,384,238.7,49.8,0.0008299999999999999,0.007337199999999999
2023-12-01 22:08:27,384,238.7,49.8,0.0008299999999999999,0.007337199999999999
2023-12-01 22:08:58,384,238.7,49.8,0.0008299999999999999,0.007337199999999999
2023-12-01 22:09:26,384,238.7,49.8,0.0008299999999999999,0.007337199999999999
2023-12-01 22:09:27,384,238.7,49.8,0.0008299999999999999,0.007337199999999999
2023-12-01 22:09:59,384,238.7,49.8,0.0008299999999999999,0.007337199999999999
2023-12-01 22:10:26,384,238.7,49.8,0.0008299999999999999,0.007337199999999999
2023-12-01 22:10:28,384,238.7,49.8,0.0008299999999999999,0.007337199999999999
2023-12-01 22:11:00,384,238.7,49.8,0.0008299999999999999,0.007337199999999999
2023-12-01 22:11:26,384,238.7,49.8,0.0008299999999999999,0.007337199999999999
2023-12-01 22:11:28,384,238.7,49.8,0.0008299999999999999,0.007337199999999999
2023-12-01 22:12:01,384,238.7,49.8,0.0008299999999999999,0.007337199999999999
2023-12-01 22:12:26,384,238.7,49.8,0.0008299999999999999,0.007337199999999999
2023-12-01 22:12:28,384,238.7,49.8,0.0008299999999999999,0.007337199999999999
2023-12-01 22:13:02,384,238.7,49.8,0.0008299999999999999,0.007337199999999999
2023-12-01 22:13:26,384,238.7,49.8,0.0008299999999999999,0.007337199999999999
2023-12-01 22:13:28,384,238.7,49.8,0.0008299999999999999,0.007337199999999999
2023-12-01 22:14:03,384,238.7,49.8,0.0008299999999999999,0.007337199999999999
2023-12-01 22:14:27,384,238.7,49.8,0.0008299999999999999,0.007337199999999999
2023-12-01 22:14:29,384,238.7,49.8,0.0008299999999999999,0.007337199999999999
2023-12-01 22:15:04,384,238.7,49.8,0.0008299999999999999,0.007337199999999999
2023-12-01 22:15:27,384,238.7,49.8,0.0008299999999999999,0.007337199999999999
2023-12-01 22:15:29,384,238.7,49.8,0.0008299999999999999,0.007337199999999999
2023-12-01 22:16:05,384,238.7,49.8,0.0008299999999999999,0.007337199999999999
2023-12-01 22:16:27,384,238.7,49.8,0.0008299999999999999,0.007337199999999999
2023-12-01 22:16:29,384,238.7,49.8,0.0008299999999999999,0.007337199999999999
2023-12-01 22:17:06,384,238.7,49.8,0.0008299999999999999,0.007337199999999999
2023-12-01 22:17:28,384,238.7,49.8,0.0008299999999999999,0.007337199999999999
2023-12-01 22:17:29,384,238.7,49.8,0.0008299999999999999,0.007337199999999999
2023-12-01 22:18:07,384,238.7,49.8,0.0008299999999999999,0.007337199999999999
2023-12-01 22:18:28,384,238.7,49.8,0.0008299999999999999,0.007337199999999999
2023-12-01 22:18:30,384,238.7,49.8,0.0008299999999999999,0.007337199999999999
2023-12-01 22:19:08,384,238.7,49.8,0.0008299999999999999,0.007337199999999999
2023-12-01 22:19:28,384,238.7,49.8,0.0008299999999999999,0.007337199999999999
2023-12-01 22:19:30,384,238.7,49.8,0.0008299999999999999,0.007337199999999999
2023-12-01 22:20:09,384,238.7,49.8,0.0008299999999999999,0.007337199999999999
2023-12-01 22:20:28,384,238.7,49.8,0.0008299999999999999,0.007337199999999999
2023-12-01 22:20:30,384,238.7,49.8,0.0008299999999999999,0.007337199999999999
2023-12-01 22:21:10,384,238.7,49.8,0.0008299999999999999,0.007337199999999999
2023-12-01 22:21:28,384,238.7,49.8,0.0008299999999999999,0.007337199999999999
2023-12-01 22:21:30,384,238.7,49.8,0.0008299999999999999,0.007337199999999999
2023-12-01 22:22:11,384,238.7,49.8,0.0008299999999999999,0.007337199999999999
2023-12-01 22:22:29,384,238.7,49.8,0.0008299999999999999,0.007337199999999999
2023-12-01 22:22:31,384,238.7,49.8,0.0008299999999999999,0.007337199999999999
2023-12-01 22:23:12,384,238.7,49.8,0.0008299999999999999,0.007337199999999999
2023-12-01 22:23:29,384,238.7,49.8,0.0008299999999999999,0.007337199999999999
2023-12-01 22:23:31,384,238.7,49.8,0.0008299999999999999,0.007337199999999999
2023-12-01 22:24:13,384,238.7,49.8,0.0008299999999999999,0.007337199999999999
2023-12-01 22:24:29,384,238.7,49.8,0.0008299999999999999,0.007337199999999999
2023-12-01 22:24:31,384,238.7,49.8,0.0008299999999999999,0.007337199999999999
2023-12-01 22:25:13,384,238.7,49.8,0.0008299999999999999,0.007337199999999999
2023-12-01 22:25:29,384,238.7,49.8,0.0008299999999999999,0.007337199999999999
2023-12-01 22:25:31,384,238.7,49.8,0.0008299999999999999,0.007337199999999999
2023-12-01 22:26:13,384,238.7,49.8,0.0008299999999999999,0.007337199999999999
2023-12-01 22:26:30,384,238.7,49.8,0.0008299999999999999,0.007337199999999999
2023-12-01 22:26:32,384,238.7,49.8,0.0008299999999999999,0.007337199999999999
2023-12-01 22:27:12,384,238.7,49.8,0.0008299999999999999,0.007337199999999999
2023-12-01 22:27:30,384,238.7,49.8,0.0008299999999999999,0.007337199999999999
2023-12-01 22:27:32,384,238.7,49.8,0.0008299999999999999,0.007337199999999999
2023-12-01 22:27:58,384,238.7,49.8,0.0008299999999999999,0.007337199999999999
2023-12-01 22:28:30,384,238.7,49.8,0.0008299999999999999,0.007337199999999999
2023-12-01 22:28:32,384,238.7,49.8,0.0008299999999999999,0.007337199999999999
2023-12-01 22:28:59,384,238.7,49.8,0.0008299999999999999,0.007337199999999999
2023-12-01 22:29:30,384,238.7,49.8,0.0008299999999999999,0.007337199999999999
2023-12-01 22:29:32,384,238.7,49.8,0.0008299999999999999,0.007337199999999999
2023-12-01 22:30:00,384,238.7,49.8,0.0008299999999999999,0.007337199999999999
2023-12-01 22:30:31,384,238.7,49.8,0.0008299999999999999,0.007337199999999999
2023-12-01 22:30:32,384,238.7,49.8,0.0008299999999999999,0.007337199999999999
2023-12-01 22:31:01,384,238.7,49.8,0.0008299999999999999,0.007337199999999999
2023-12-01 22:31:31,384,238.7,49.8,0.0008299999999999999,0.007337199999999999
2023-12-01 22:31:33,384,238.7,49.8,0.0008299999999999999,0.007337199999999999
2023-12-01 22:32:02,384,238.7,49.8,0.0008299999999999999,0.007337199999999999
2023-12-01 22:32:31,384,238.7,49.8,0.0008299999999999999,0.007337199999999999
2023-12-01 22:32:33,384,238.7,49.8,0.0008299999999999999,0.007337199999999999
2023-12-01 22:33:03,384,238.7,49.8,0.0008299999999999999,0.007337199999999999
2023-12-01 22:33:31,384,238.7,49.8,0.0008299999999999999,0.007337199999999999
2023-12-01 22:33:33,384,238.7,49.8,0.0008299999999999999,0.007337199999999999
2023-12-01 22:34:04,384,238.7,49.8,0.0008299999999999999,0.007337199999999999
2023-12-01 22:34:32,384,238.7,49.8,0.0008299999999999999,0.007337199999999999
2023-12-01 22:34:33,384,238.7,49.8,0.0008299999999999999,0.007337199999999999
2023-12-01 22:35:05,384,238.7,49.8,0.0008299999999999999,0.007337199999999999
2023-12-01 22:35:32,384,238.7,49.8,0.0008299999999999999,0.007337199999999999
2023-12-01 22:35:33,384,238.7,49.8,0.0008299999999999999,0.007337199999999999
2023-12-01 22:36:06,384,238.7,49.8,0.0008299999999999999,0.007337199999999999
2023-12-01 22:36:32,384,238.7,49.8,0.0008299999999999999,0.007337199999999999
2023-12-01 22:36:34,384,238.7,49.8,0.0008299999999999999,0.007337199999999999
2023-12-01 22:37:07,384,238.7,49.8,0.0008299999999999999,0.007337199999999999
2023-12-01 22:37:32,384,238.7,49.8,0.0008299999999999999,0.007337199999999999
2023-12-01 22:37:34,384,238.7,49.8,0.0008299999999999999,0.007337199999999999
2023-12-01 22:38:08,384,238.7,49.8,0.0008299999999999999,0.007337199999999999
2023-12-01 22:38:32,384,238.7,49.8,0.0008299999999999999,0.007337199999999999
2023-12-01 22:38:34,384,238.7,49.8,0.0008299999999999999,0.007337199999999999
2023-12-01 22:39:09,384,238.7,49.8,0.0008299999999999999,0.007337199999999999
2023-12-01 22:39:33,384,238.7,49.8,0.0008299999999999999,0.007337199999999999
2023-12-01 22:39:34,384,238.7,49.8,0.0008299999999999999,0.007337199999999999
2023-12-01 22:40:10,384,238.7,49.8,0.0008299999999999999,0.007337199999999999
2023-12-01 22:40:33,384,238.7,49.8,0.0008299999999999999,0.007337199999999999
2023-12-01 22:40:35,384,238.7,49.8,0.0008299999999999999,0.007337199999999999
2023-12-01 22:41:11,384,238.7,49.8,0.0008299999999999999,0.007337199999999999
2023-12-01 22:41:33,384,238.7,49.8,0.0008299999999999999,0.007337199999999999
2023-12-01 22:41:35,384,238.7,49.8,0.0008299999999999999,0.007337199999999999
2023-12-01 22:42:12,384,238.7,49.8,0.0008299999999999999,0.007337199999999999
2023-12-01 22:42:33,384,238.7,49.8,0.0008299999999999999,0.007337199999999999
2023-12-01 22:42:35,384,238.7,49.8,0.0008299999999999999,0.007337199999999999
2023-12-01 22:43:13,384,238.7,49.8,0.0008299999999999999,0.007337199999999999
2023-12-01 22:43:34,384,238.7,49.8,0.0008299999999999999,0.007337199999999999
2023-12-01 22:43:35,384,238.7,49.8,0.0008299999999999999,0.007337199999999999
2023-12-01 22:44:13,384,238.7,49.8,0.0008299999999999999,0.007337199999999999
2023-12-01 22:44:34,384,238.7,49.8,0.0008299999999999999,0.007337199999999999
2023-12-01 22:44:35,384,238.7,49.8,0.0008299999999999999,0.007337199999999999
2023-12-01 22:45:13,384,238.7,49.8,0.0008299999999999999,0.007337199999999999
2023-12-01 22:45:34,384,238.7,49.8,0.0008299999999999999,0.007337199999999999
2023-12-01 22:45:36,384,238.7,49.8,0.0008299999999999999,0.007337199999999999
2023-12-01 22:46:13,384,238.7,49.8,0.0008299999999999999,0.007337199999999999
2023-12-01 22:46:34,384,238.7,49.8,0.0008299999999999999,0.007337199999999999
2023-12-01 22:46:36,384,238.7,49.8,0.0008299999999999999,0.007337199999999999
2023-12-01 22:47:13,384,238.7,49.8,0.0008299999999999999,0.007337199999999999
2023-12-01 22:47:35,384,238.7,49.8,0.0008299999999999999,0.007337199999999999
2023-12-01 22:47:36,384,238.7,49.8,0.0008299999999999999,0.007337199999999999
2023-12-01 22:48:13,384,238.7,49.8,0.0008299999999999999,0.007337199999999999
2023-12-01 22:48:35,384,238.7,49.8,0.0008299999999999999,0.007337199999999999
2023-12-01 22:48:36,384,238.7,49.8,0.0008299999999999999,0.007337199999999999
2023-12-01 22:49:13,371,237.8,47.4,0.0007899999999999999,0.006983599999999999
2023-12-01 22:49:36,371,237.8,47.4,0.0007899999999999999,0.006983599999999999
2023-12-01 22:50:13,371,237.8,47.4,0.0007899999999999999,0.006983599999999999
2023-12-01 22:50:37,371,237.8,47.4,0.0007899999999999999,0.006983599999999999
2023-12-01 22:51:13,371,237.8,47.4,0.0007899999999999999,0.006983599999999999
2023-12-01 22:51:37,371,237.8,47.4,0.0007899999999999999,0.006983599999999999
2023-12-01 22:52:13,371,237.8,47.4,0.0007899999999999999,0.006983599999999999
2023-12-01 22:52:37,371,237.8,47.4,0.0007899999999999999,0.006983599999999999
2023-12-01 22:53:13,371,237.8,47.4,0.0007899999999999999,0.006983599999999999
2023-12-01 22:53:37,371,237.8,47.4,0.0007899999999999999,0.006983599999999999
2023-12-01 22:54:13,371,237.8,47.4,0.0007899999999999999,0.006983599999999999
2023-12-01 22:54:38,371,237.8,47.4,0.0007899999999999999,0.006983599999999999
2023-12-01 22:55:13,371,237.8,47.4,0.0007899999999999999,0.006983599999999999
2023-12-01 22:55:38,371,237.8,47.4,0.0007899999999999999,0.006983599999999999
2023-12-01 22:56:13,371,237.8,47.4,0.0007899999999999999,0.006983599999999999
2023-12-01 22:56:38,371,237.8,47.4,0.0007899999999999999,0.006983599999999999
2023-12-01 22:57:13,371,237.8,47.4,0.0007899999999999999,0.006983599999999999
2023-12-01 22:57:39,371,237.8,47.4,0.0007899999999999999,0.006983599999999999
2023-12-01 22:58:13,371,237.8,47.4,0.0007899999999999999,0.006983599999999999
2023-12-01 22:58:40,371,237.8,47.4,0.0007899999999999999,0.006983599999999999
2023-12-01 22:59:13,371,237.8,47.4,0.0007899999999999999,0.006983599999999999
2023-12-01 22:59:40,371,237.8,47.4,0.0007899999999999999,0.006983599999999999
2023-12-01 23:00:13,371,237.8,47.4,0.0007899999999999999,0.006983599999999999
2023-12-01 23:00:40,371,237.8,47.4,0.0007899999999999999,0.006983599999999999
2023-12-01 23:01:13,371,237.8,47.4,0.0007899999999999999,0.006983599999999999
2023-12-01 23:01:40,371,237.8,47.4,0.0007899999999999999,0.006983599999999999
2023-12-01 23:02:13,371,237.8,47.4,0.0007899999999999999,0.006983599999999999
2023-12-01 23:02:41,371,237.8,47.4,0.0007899999999999999,0.006983599999999999
2023-12-01 23:03:13,371,237.8,47.4,0.0007899999999999999,0.006983599999999999
2023-12-01 23:03:41,371,237.8,47.4,0.0007899999999999999,0.006983599999999999
2023-12-01 23:04:13,371,237.8,47.4,0.0007899999999999999,0.006983599999999999
2023-12-01 23:04:41,371,237.8,47.4,0.0007899999999999999,0.006983599999999999
2023-12-01 23:05:13,371,237.8,47.4,0.0007899999999999999,0.006983599999999999
2023-12-01 23:05:41,371,237.8,47.4,0.0007899999999999999,0.006983599999999999
2023-12-01 23:05:57,371,237.8,47.4,0.0007899999999999999,0.006983599999999999
2023-12-01 23:06:42,371,237.8,47.4,0.0007899999999999999,0.006983599999999999
2023-12-01 23:06:58,371,237.8,47.4,0.0007899999999999999,0.006983599999999999
2023-12-01 23:07:42,371,237.8,47.4,0.0007899999999999999,0.006983599999999999
2023-12-01 23:07:58,371,237.8,47.4,0.0007899999999999999,0.006983599999999999
2023-12-01 23:08:42,371,237.8,47.4,0.0007899999999999999,0.006983599999999999
2023-12-01 23:08:57,371,237.8,47.4,0.0007899999999999999,0.006983599999999999
2023-12-01 23:09:42,371,237.8,47.4,0.0007899999999999999,0.006983599999999999
2023-12-01 23:09:57,371,237.8,47.4,0.0007899999999999999,0.006983599999999999
2023-12-01 23:10:43,371,237.8,47.4,0.0007899999999999999,0.006983599999999999
2023-12-01 23:10:57,371,237.8,47.4,0.0007899999999999999,0.006983599999999999
2023-12-01 23:11:43,371,237.8,47.4,0.0007899999999999999,0.006983599999999999
2023-12-01 23:11:57,371,237.8,47.4,0.0007899999999999999,0.006983599999999999
2023-12-01 23:12:43,371,237.8,47.4,0.0007899999999999999,0.006983599999999999
2023-12-01 23:12:57,371,237.8,47.4,0.0007899999999999999,0.006983599999999999
2023-12-01 23:13:43,371,237.8,47.4,0.0007899999999999999,0.006983599999999999
2023-12-01 23:13:57,371,237.8,47.4,0.0007899999999999999,0.006983599999999999
2023-12-01 23:14:43,371,237.8,47.4,0.0007899999999999999,0.006983599999999999
2023-12-01 23:14:58,371,237.8,47.4,0.0007899999999999999,0.006983599999999999
2023-12-01 23:15:44,371,237.8,47.4,0.0007899999999999999,0.006983599999999999
2023-12-01 23:15:57,371,237.8,47.4,0.0007899999999999999,0.006983599999999999
2023-12-01 23:16:44,371,237.8,47.4,0.0007899999999999999,0.006983599999999999
2023-12-01 23:16:57,371,237.8,47.4,0.0007899999999999999,0.006983599999999999
2023-12-01 23:17:44,371,237.8,47.4,0.0007899999999999999,0.006983599999999999
2023-12-01 23:17:57,371,237.8,47.4,0.0007899999999999999,0.006983599999999999
2023-12-01 23:18:44,371,237.8,47.4,0.0007899999999999999,0.006983599999999999
2023-12-01 23:18:58,371,237.8,47.4,0.0007899999999999999,0.006983599999999999
2023-12-01 23:19:45,371,237.8,47.4,0.0007899999999999999,0.006983599999999999
2023-12-01 23:19:57,371,237.8,47.4,0.0007899999999999999,0.006983599999999999
2023-12-01 23:20:45,371,237.8,47.4,0.0007899999999999999,0.006983599999999999
2023-12-01 23:20:58,371,237.8,47.4,0.0007899999999999999,0.006983599999999999
2023-12-01 23:21:45,371,237.8,47.4,0.0007899999999999999,0.006983599999999999
2023-12-01 23:21:59,371,237.8,47.4,0.0007899999999999999,0.006983599999999999
2023-12-01 23:22:45,371,237.8,47.4,0.0007899999999999999,0.006983599999999999
2023-12-01 23:22:58,371,237.8,47.4,0.0007899999999999999,0.006983599999999999
2023-12-01 23:23:46,371,237.8,47.4,0.0007899999999999999,0.006983599999999999
2023-12-01 23:23:59,371,237.8,47.4,0.0007899999999999999,0.006983599999999999
2023-12-01 23:24:46,371,237.8,47.4,0.0007899999999999999,0.006983599999999999
2023-12-01 23:24:58,371,237.8,47.4,0.0007899999999999999,0.006983599999999999
2023-12-01 23:25:46,371,237.8,47.4,0.0007899999999999999,0.006983599999999999
2023-12-01 23:25:58,371,237.8,47.4,0.0007899999999999999,0.006983599999999999
2023-12-01 23:26:46,371,237.8,47.4,0.0007899999999999999,0.006983599999999999
2023-12-01 23:26:59,371,237.8,47.4,0.0007899999999999999,0.006983599999999999
2023-12-01 23:27:46,371,237.8,47.4,0.0007899999999999999,0.006983599999999999
2023-12-01 23:27:58,371,237.8,47.4,0.0007899999999999999,0.006983599999999999
2023-12-01 23:28:47,371,237.8,47.4,0.0007899999999999999,0.006983599999999999
2023-12-01 23:28:58,371,237.8,47.4,0.0007899999999999999,0.006983599999999999
2023-12-01 23:29:47,371,237.8,47.4,0.0007899999999999999,0.006983599999999999
2023-12-01 23:29:59,371,237.8,47.4,0.0007899999999999999,0.006983599999999999
2023-12-01 23:30:48,371,237.8,47.4,0.0007899999999999999,0.006983599999999999
2023-12-01 23:31:00,371,237.8,47.4,0.0007899999999999999,0.006983599999999999
2023-12-01 23:31:48,371,237.8,47.4,0.0007899999999999999,0.006983599999999999
2023-12-01 23:32:01,371,237.8,47.4,0.0007899999999999999,0.006983599999999999
2023-12-01 23:32:48,371,237.8,47.4,0.0007899999999999999,0.006983599999999999
2023-12-01 23:32:58,371,237.8,47.4,0.0007899999999999999,0.006983599999999999
2023-12-01 23:33:48,371,237.8,47.4,0.0007899999999999999,0.006983599999999999
2023-12-01 23:33:59,371,237.8,47.4,0.0007899999999999999,0.006983599999999999
2023-12-01 23:34:49,371,237.8,47.4,0.0007899999999999999,0.006983599999999999
2023-12-01 23:35:00,371,237.8,47.4,0.0007899999999999999,0.006983599999999999
2023-12-01 23:35:49,371,237.8,47.4,0.0007899999999999999,0.006983599999999999
2023-12-01 23:36:01,371,237.8,47.4,0.0007899999999999999,0.006983599999999999
2023-12-01 23:36:49,371,237.8,47.4,0.0007899999999999999,0.006983599999999999
2023-12-01 23:36:58,371,237.8,47.4,0.0007899999999999999,0.006983599999999999
2023-12-01 23:37:49,371,237.8,47.4,0.0007899999999999999,0.006983599999999999
2023-12-01 23:37:58,371,237.8,47.4,0.0007899999999999999,0.006983599999999999
2023-12-01 23:38:49,371,237.8,47.4,0.0007899999999999999,0.006983599999999999
2023-12-01 23:38:58,371,237.8,47.4,0.0007899999999999999,0.006983599999999999
2023-12-01 23:39:50,371,237.8,47.4,0.0007899999999999999,0.006983599999999999
2023-12-01 23:39:58,371,237.8,47.4,0.0007899999999999999,0.006983599999999999
2023-12-01 23:40:50,371,237.8,47.4,0.0007899999999999999,0.006983599999999999
2023-12-01 23:40:58,371,237.8,47.4,0.0007899999999999999,0.006983599999999999
2023-12-01 23:41:50,371,237.8,47.4,0.0007899999999999999,0.006983599999999999
2023-12-01 23:41:58,371,237.8,47.4,0.0007899999999999999,0.006983599999999999
2023-12-01 23:42:51,371,237.8,47.4,0.0007899999999999999,0.006983599999999999
2023-12-01 23:42:58,371,237.8,47.4,0.0007899999999999999,0.006983599999999999
2023-12-01 23:43:51,371,237.8,47.4,0.0007899999999999999,0.006983599999999999
2023-12-01 23:43:59,371,237.8,47.4,0.0007899999999999999,0.006983599999999999
2023-12-01 23:44:51,371,237.8,47.4,0.0007899999999999999,0.006983599999999999
2023-12-01 23:45:00,371,237.8,47.4,0.0007899999999999999,0.006983599999999999
2023-12-01 23:45:52,371,237.8,47.4,0.0007899999999999999,0.006983599999999999
2023-12-01 23:45:58,371,237.8,47.4,0.0007899999999999999,0.006983599999999999
2023-12-01 23:46:52,371,237.8,47.4,0.0007899999999999999,0.006983599999999999
2023-12-01 23:46:59,371,237.8,47.4,0.0007899999999999999,0.006983599999999999
2023-12-01 23:47:53,371,237.8,47.4,0.0007899999999999999,0.006983599999999999
2023-12-01 23:48:00,371,237.8,47.4,0.0007899999999999999,0.006983599999999999
2023-12-01 23:48:53,371,237.8,47.4,0.0007899999999999999,0.006983599999999999
2023-12-01 23:49:01,371,237.8,47.4,0.0007899999999999999,0.006983599999999999
2023-12-01 23:49:54,407,234.8,50.2,0.0008366666666666667,0.007396133333333333
2023-12-01 23:49:58,407,234.8,50.2,0.0008366666666666667,0.007396133333333333
2023-12-01 23:50:54,407,234.8,50.2,0.0008366666666666667,0.007396133333333333
2023-12-01 23:50:59,407,234.8,50.2,0.0008366666666666667,0.007396133333333333
2023-12-01 23:51:54,407,234.8,50.2,0.0008366666666666667,0.007396133333333333
2023-12-01 23:51:58,407,234.8,50.2,0.0008366666666666667,0.007396133333333333
2023-12-01 23:52:54,407,234.8,50.2,0.0008366666666666667,0.007396133333333333
2023-12-01 23:52:58,407,234.8,50.2,0.0008366666666666667,0.007396133333333333
2023-12-01 23:53:55,407,234.8,50.2,0.0008366666666666667,0.007396133333333333
2023-12-01 23:53:59,407,234.8,50.2,0.0008366666666666667,0.007396133333333333
2023-12-01 23:54:55,252,236.1,30.0,0.0005,0.00442
2023-12-01 23:55:00,252,236.1,30.0,0.0005,0.00442
2023-12-01 23:55:56,275,234.8,30.9,0.0005149999999999999,0.0045525999999999995
2023-12-01 23:55:58,275,234.8,30.9,0.0005149999999999999,0.0045525999999999995
2023-12-01 23:56:56,275,234.8,30.9,0.0005149999999999999,0.0045525999999999995
2023-12-01 23:56:58,275,234.8,30.9,0.0005149999999999999,0.0045525999999999995
2023-12-01 23:57:56,286,236.1,28.3,0.0004716666666666667,0.004169533333333334
2023-12-01 23:57:58,286,236.1,28.3,0.0004716666666666667,0.004169533333333334
2023-12-01 23:58:57,302,236.1,36.1,0.0006016666666666667,0.005318733333333333
2023-12-01 23:58:58,302,236.1,36.1,0.0006016666666666667,0.005318733333333333
2023-12-01 23:59:57,302,236.1,36.1,0.0006016666666666667,0.005318733333333333
2023-12-01 23:59:59,302,236.1,36.1,0.0006016666666666667,0.005318733333333333
2023-12-02 00:00:58,302,236.1,36.1,0.0006016666666666667,0.005318733333333333
2023-12-02 00:01:00,302,236.1,36.1,0.0006016666666666667,0.005318733333333333
2023-12-02 00:01:58,302,236.1,36.1,0.0006016666666666667,0.005318733333333333
2023-12-02 00:02:01,302,236.1,36.1,0.0006016666666666667,0.005318733333333333
2023-12-02 00:02:58,302,236.1,36.1,0.0006016666666666667,0.005318733333333333
2023-12-02 00:02:58,302,236.1,36.1,0.0006016666666666667,0.005318733333333333
2023-12-02 00:03:58,302,236.1,36.1,0.0006016666666666667,0.005318733333333333
2023-12-02 00:04:00,302,236.1,36.1,0.0006016666666666667,0.005318733333333333
2023-12-02 00:04:59,302,236.1,36.1,0.0006016666666666667,0.005318733333333333
2023-12-02 00:05:00,302,236.1,36.1,0.0006016666666666667,0.005318733333333333
2023-12-02 00:05:59,302,236.1,36.1,0.0006016666666666667,0.005318733333333333
2023-12-02 00:06:01,302,236.1,36.1,0.0006016666666666667,0.005318733333333333
2023-12-02 00:06:59,302,236.1,36.1,0.0006016666666666667,0.005318733333333333
2023-12-02 00:07:02,302,236.1,36.1,0.0006016666666666667,0.005318733333333333
2023-12-02 00:07:59,302,236.1,36.1,0.0006016666666666667,0.005318733333333333
2023-12-02 00:08:03,302,236.1,36.1,0.0006016666666666667,0.005318733333333333
2023-12-02 00:08:58,319,236.5,41.6,0.0006933333333333333,0.006129066666666667
2023-12-02 00:08:59,319,236.5,41.6,0.0006933333333333333,0.006129066666666667
2023-12-02 00:09:58,319,236.5,41.6,0.0006933333333333333,0.006129066666666667
2023-12-02 00:10:00,319,236.5,41.6,0.0006933333333333333,0.006129066666666667
2023-12-02 00:10:58,319,236.5,41.6,0.0006933333333333333,0.006129066666666667
2023-12-02 00:11:00,319,236.5,41.6,0.0006933333333333333,0.006129066666666667
2023-12-02 00:11:59,295,236.1,34.3,0.0005716666666666666,0.005053533333333333
2023-12-02 00:12:00,295,236.1,34.3,0.0005716666666666666,0.005053533333333333
2023-12-02 00:12:58,295,236.1,34.3,0.0005716666666666666,0.005053533333333333
2023-12-02 00:13:00,295,236.1,34.3,0.0005716666666666666,0.005053533333333333
2023-12-02 00:13:59,295,236.1,34.3,0.0005716666666666666,0.005053533333333333
2023-12-02 00:14:01,295,236.1,34.3,0.0005716666666666666,0.005053533333333333
2023-12-02 00:14:58,295,236.1,34.3,0.0005716666666666666,0.005053533333333333
2023-12-02 00:15:01,295,236.1,34.3,0.0005716666666666666,0.005053533333333333
2023-12-02 00:15:59,295,236.1,34.3,0.0005716666666666666,0.005053533333333333
2023-12-02 00:16:01,295,236.1,34.3,0.0005716666666666666,0.005053533333333333
2023-12-02 00:17:00,295,236.1,34.3,0.0005716666666666666,0.005053533333333333
2023-12-02 00:17:01,295,236.1,34.3,0.0005716666666666666,0.005053533333333333
2023-12-02 00:17:58,295,236.1,34.3,0.0005716666666666666,0.005053533333333333
2023-12-02 00:18:01,295,236.1,34.3,0.0005716666666666666,0.005053533333333333
2023-12-02 00:18:58,295,236.1,34.3,0.0005716666666666666,0.005053533333333333
2023-12-02 00:19:02,295,236.1,34.3,0.0005716666666666666,0.005053533333333333
2023-12-02 00:19:58,295,236.1,34.3,0.0005716666666666666,0.005053533333333333
2023-12-02 00:20:02,295,236.1,34.3,0.0005716666666666666,0.005053533333333333
2023-12-02 00:20:58,295,236.1,34.3,0.0005716666666666666,0.005053533333333333
2023-12-02 00:21:02,295,236.1,34.3,0.0005716666666666666,0.005053533333333333
2023-12-02 00:21:58,270,237.4,27.7,0.00046166666666666665,0.004081133333333333
2023-12-02 00:22:02,345,237.4,44.7,0.000745,0.0065858
2023-12-02 00:22:57,345,237.4,44.7,0.000745,0.0065858
2023-12-02 00:23:03,345,237.4,44.7,0.000745,0.0065858
2023-12-02 00:23:58,345,237.4,44.7,0.000745,0.0065858
2023-12-02 00:24:03,345,237.4,44.7,0.000745,0.0065858
2023-12-02 00:24:59,345,237.4,44.7,0.000745,0.0065858
2023-12-02 00:25:04,345,237.4,44.7,0.000745,0.0065858
2023-12-02 00:25:53,345,237.4,44.7,0.000745,0.0065858
2023-12-02 00:25:58,345,237.4,44.7,0.000745,0.0065858
2023-12-02 00:26:04,345,237.4,44.7,0.000745,0.0065858
2023-12-02 00:26:54,345,237.4,44.7,0.000745,0.0065858
2023-12-02 00:26:58,345,237.4,44.7,0.000745,0.0065858
2023-12-02 00:27:04,345,237.4,44.7,0.000745,0.0065858
2023-12-02 00:27:54,345,237.4,44.7,0.000745,0.0065858
2023-12-02 00:27:59,345,237.4,44.7,0.000745,0.0065858
2023-12-02 00:28:05,345,237.4,44.7,0.000745,0.0065858
2023-12-02 00:28:54,321,236.9,38.6,0.0006433333333333333,0.0056870666666666665
2023-12-02 00:29:00,321,236.9,38.6,0.0006433333333333333,0.0056870666666666665
2023-12-02 00:29:05,321,236.9,38.6,0.0006433333333333333,0.0056870666666666665
2023-12-02 00:29:54,321,236.9,38.6,0.0006433333333333333,0.0056870666666666665
2023-12-02 00:30:01,321,236.9,38.6,0.0006433333333333333,0.0056870666666666665
2023-12-02 00:30:05,321,236.9,38.6,0.0006433333333333333,0.0056870666666666665
2023-12-02 00:30:55,321,236.9,38.6,0.0006433333333333333,0.0056870666666666665
2023-12-02 00:31:02,321,236.9,38.6,0.0006433333333333333,0.0056870666666666665
2023-12-02 00:31:05,321,236.9,38.6,0.0006433333333333333,0.0056870666666666665
2023-12-02 00:31:58,321,236.9,38.6,0.0006433333333333333,0.0056870666666666665
2023-12-02 00:32:05,321,236.9,38.6,0.0006433333333333333,0.0056870666666666665
2023-12-02 00:32:59,343,236.9,36.8,0.0006133333333333334,0.005421866666666666
2023-12-02 00:33:06,343,236.9,36.8,0.0006133333333333334,0.005421866666666666
2023-12-02 00:34:00,343,236.9,36.8,0.0006133333333333334,0.005421866666666666
2023-12-02 00:34:06,343,236.9,36.8,0.0006133333333333334,0.005421866666666666
2023-12-02 00:35:01,343,236.9,36.8,0.0006133333333333334,0.005421866666666666
2023-12-02 00:35:06,343,236.9,36.8,0.0006133333333333334,0.005421866666666666
2023-12-02 00:36:02,343,236.9,36.8,0.0006133333333333334,0.005421866666666666
2023-12-02 00:36:06,343,236.9,36.8,0.0006133333333333334,0.005421866666666666
2023-12-02 00:37:03,343,236.9,36.8,0.0006133333333333334,0.005421866666666666
2023-12-02 00:37:07,343,236.9,36.8,0.0006133333333333334,0.005421866666666666
2023-12-02 00:38:04,343,236.9,36.8,0.0006133333333333334,0.005421866666666666
2023-12-02 00:38:07,343,236.9,36.8,0.0006133333333333334,0.005421866666666666
2023-12-02 00:39:05,343,236.9,36.8,0.0006133333333333334,0.005421866666666666
2023-12-02 00:39:07,343,236.9,36.8,0.0006133333333333334,0.005421866666666666
2023-12-02 00:40:06,313,236.1,34.8,0.00058,0.0051272
2023-12-02 00:40:07,313,236.1,34.8,0.00058,0.0051272
2023-12-02 00:41:07,313,236.1,34.8,0.00058,0.0051272
2023-12-02 00:41:07,313,236.1,34.8,0.00058,0.0051272
2023-12-02 00:42:08,327,236.9,43.1,0.0007183333333333333,0.006350066666666666
2023-12-02 00:42:09,327,236.9,43.1,0.0007183333333333333,0.006350066666666666
2023-12-02 00:43:09,327,236.9,43.1,0.0007183333333333333,0.006350066666666666
2023-12-02 00:43:10,327,236.9,43.1,0.0007183333333333333,0.006350066666666666
2023-12-02 00:44:10,327,236.9,43.1,0.0007183333333333333,0.006350066666666666
2023-12-02 00:44:10,327,236.9,43.1,0.0007183333333333333,0.006350066666666666
2023-12-02 00:45:10,327,236.9,43.1,0.0007183333333333333,0.006350066666666666
2023-12-02 00:45:11,327,236.9,43.1,0.0007183333333333333,0.006350066666666666
2023-12-02 00:46:10,327,236.9,43.1,0.0007183333333333333,0.006350066666666666
2023-12-02 00:46:12,327,236.9,43.1,0.0007183333333333333,0.006350066666666666
2023-12-02 00:47:10,216,237.4,23.9,0.0003983333333333333,0.003521266666666666
2023-12-02 00:47:13,216,237.4,23.9,0.0003983333333333333,0.003521266666666666
2023-12-02 00:48:11,216,237.4,23.9,0.0003983333333333333,0.003521266666666666
2023-12-02 00:48:13,216,237.4,23.9,0.0003983333333333333,0.003521266666666666
2023-12-02 00:49:11,317,233.5,45.6,0.00076,0.0067184
2023-12-02 01:41:13,298,238.2,30.7,0.0005116666666666667,0.0045231333333333335
2023-12-02 01:41:31,298,238.2,30.7,0.0005116666666666667,0.0045231333333333335
2023-12-02 01:42:13,298,238.2,30.7,0.0005116666666666667,0.0045231333333333335
2023-12-02 01:42:31,298,238.2,30.7,0.0005116666666666667,0.0045231333333333335
2023-12-02 01:43:13,168,237.8,26.1,0.000435,0.0038454
2023-12-02 01:43:31,310,238.7,42.1,0.0007016666666666666,0.0062027333333333325
2023-12-02 01:44:13,293,240.0,32.4,0.00054,0.0047736
2023-12-02 01:44:31,293,240.0,32.4,0.00054,0.0047736
2023-12-02 01:44:57,193,239.6,21.5,0.0003583333333333333,0.0031676666666666663
2023-12-02 01:45:32,269,239.1,26.7,0.000445,0.0039337999999999994
2023-12-02 01:45:58,269,239.1,26.7,0.000445,0.0039337999999999994
2023-12-02 01:46:32,269,239.1,26.7,0.000445,0.0039337999999999994
2023-12-02 01:46:58,269,239.1,26.7,0.000445,0.0039337999999999994
2023-12-02 01:47:32,269,239.1,26.7,0.000445,0.0039337999999999994
2023-12-02 01:47:58,269,239.1,26.7,0.000445,0.0039337999999999994
2023-12-02 01:48:32,269,239.1,26.7,0.000445,0.0039337999999999994
2023-12-02 01:48:58,256,237.8,38.3,0.0006383333333333332,0.005642866666666665
2023-12-02 01:49:32,256,237.8,38.3,0.0006383333333333332,0.005642866666666665
2023-12-02 01:49:58,256,237.8,38.3,0.0006383333333333332,0.005642866666666665
2023-12-02 01:50:33,256,237.8,38.3,0.0006383333333333332,0.005642866666666665
2023-12-02 01:50:58,256,237.8,38.3,0.0006383333333333332,0.005642866666666665
2023-12-02 01:51:33,275,237.4,35.4,0.00059,0.0052156
2023-12-02 01:51:58,275,237.4,35.4,0.00059,0.0052156
2023-12-02 01:52:33,275,237.4,35.4,0.00059,0.0052156
2023-12-02 01:52:58,232,238.2,27.2,0.0004533333333333333,0.004007466666666667
2023-12-02 01:53:33,232,238.2,27.2,0.0004533333333333333,0.004007466666666667
2023-12-02 01:53:58,232,238.2,27.2,0.0004533333333333333,0.004007466666666667
2023-12-02 01:54:34,232,238.2,27.2,0.0004533333333333333,0.004007466666666667
2023-12-02 01:54:59,232,238.2,27.2,0.0004533333333333333,0.004007466666666667
2023-12-02 01:55:34,239,238.2,28.4,0.0004733333333333333,0.004184266666666666
2023-12-02 01:55:57,239,238.2,28.4,0.0004733333333333333,0.004184266666666666
2023-12-02 01:56:34,371,238.7,42.5,0.0007083333333333334,0.006261666666666667
2023-12-02 01:56:58,213,237.8,25.3,0.00042166666666666665,0.003727533333333333
2023-12-02 01:57:34,213,237.8,25.3,0.00042166666666666665,0.003727533333333333
2023-12-02 01:57:58,213,237.8,25.3,0.00042166666666666665,0.003727533333333333
2023-12-02 01:58:35,213,237.8,25.3,0.00042166666666666665,0.003727533333333333
2023-12-02 01:58:59,213,237.8,25.3,0.00042166666666666665,0.003727533333333333
2023-12-02 01:59:35,213,237.8,25.3,0.00042166666666666665,0.003727533333333333
2023-12-02 02:00:00,213,237.8,25.3,0.00042166666666666665,0.003727533333333333
2023-12-02 02:00:35,213,237.8,25.3,0.00042166666666666665,0.003727533333333333
2023-12-02 02:01:01,213,237.8,25.3,0.00042166666666666665,0.003727533333333333
2023-12-02 02:01:35,199,237.8,23.9,0.0003983333333333333,0.003521266666666666
2023-12-02 02:02:02,199,237.8,23.9,0.0003983333333333333,0.003521266666666666
2023-12-02 02:02:36,199,237.8,23.9,0.0003983333333333333,0.003521266666666666
2023-12-02 02:02:58,199,237.8,23.9,0.0003983333333333333,0.003521266666666666
2023-12-02 02:03:36,199,237.8,23.9,0.0003983333333333333,0.003521266666666666
2023-12-02 02:03:59,199,237.8,23.9,0.0003983333333333333,0.003521266666666666
2023-12-02 02:04:36,199,237.8,23.9,0.0003983333333333333,0.003521266666666666
2023-12-02 02:04:57,199,237.8,23.9,0.0003983333333333333,0.003521266666666666
2023-12-02 02:05:36,199,237.8,23.9,0.0003983333333333333,0.003521266666666666
2023-12-02 02:05:58,199,237.8,23.9,0.0003983333333333333,0.003521266666666666
2023-12-02 02:06:36,199,237.8,23.9,0.0003983333333333333,0.003521266666666666
2023-12-02 02:06:58,379,237.8,42.0,0.0007,0.006188
2023-12-02 02:07:37,379,237.8,42.0,0.0007,0.006188
2023-12-02 02:07:58,379,237.8,42.0,0.0007,0.006188
2023-12-02 02:08:37,379,237.8,42.0,0.0007,0.006188
2023-12-02 02:08:58,379,237.8,42.0,0.0007,0.006188
2023-12-02 02:09:37,379,237.8,42.0,0.0007,0.006188
2023-12-02 02:09:59,379,237.8,42.0,0.0007,0.006188
2023-12-02 02:10:37,379,237.8,42.0,0.0007,0.006188
2023-12-02 02:11:00,379,237.8,42.0,0.0007,0.006188
2023-12-02 02:11:38,379,237.8,42.0,0.0007,0.006188
2023-12-02 02:12:01,263,237.8,29.7,0.000495,0.0043758
2023-12-02 02:12:38,263,237.8,29.7,0.000495,0.0043758
2023-12-02 02:13:02,263,237.8,29.7,0.000495,0.0043758
2023-12-02 02:13:38,263,237.8,29.7,0.000495,0.0043758
2023-12-02 02:14:03,263,237.8,29.7,0.000495,0.0043758
2023-12-02 02:14:38,263,237.8,29.7,0.000495,0.0043758
2023-12-02 02:15:04,263,237.8,29.7,0.000495,0.0043758
2023-12-02 02:15:39,263,237.8,29.7,0.000495,0.0043758
2023-12-02 02:16:05,263,237.8,29.7,0.000495,0.0043758
2023-12-02 02:16:39,263,237.8,29.7,0.000495,0.0043758
2023-12-02 02:17:06,263,237.8,29.7,0.000495,0.0043758
2023-12-02 02:17:39,263,237.8,29.7,0.000495,0.0043758
2023-12-02 02:18:07,260,238.2,33.9,0.000565,0.004994599999999999
2023-12-02 02:18:39,260,238.2,33.9,0.000565,0.004994599999999999
2023-12-02 02:19:08,260,238.2,33.9,0.000565,0.004994599999999999
2023-12-02 02:19:40,260,238.2,33.9,0.000565,0.004994599999999999
2023-12-02 02:20:09,260,238.2,33.9,0.000565,0.004994599999999999
2023-12-02 02:20:40,260,238.2,33.9,0.000565,0.004994599999999999
2023-12-02 02:21:10,217,239.1,25.1,0.00041833333333333333,0.0036980666666666666
2023-12-02 02:21:40,217,239.1,25.1,0.00041833333333333333,0.0036980666666666666
2023-12-02 02:22:11,217,239.1,25.1,0.00041833333333333333,0.0036980666666666666
2023-12-02 02:22:40,217,239.1,25.1,0.00041833333333333333,0.0036980666666666666
2023-12-02 02:23:12,217,239.1,25.1,0.00041833333333333333,0.0036980666666666666
2023-12-02 02:23:41,217,239.1,25.1,0.00041833333333333333,0.0036980666666666666
2023-12-02 02:24:13,217,239.1,25.1,0.00041833333333333333,0.0036980666666666666
2023-12-02 02:24:41,217,239.1,25.1,0.00041833333333333333,0.0036980666666666666
2023-12-02 02:25:13,197,240.0,21.8,0.00036333333333333335,0.0032118666666666666
2023-12-02 02:25:41,250,238.7,31.4,0.0005233333333333333,0.004626266666666667
2023-12-02 02:26:13,250,238.7,31.4,0.0005233333333333333,0.004626266666666667
2023-12-02 02:26:41,250,238.7,31.4,0.0005233333333333333,0.004626266666666667
2023-12-02 02:27:13,250,238.7,31.4,0.0005233333333333333,0.004626266666666667
2023-12-02 02:27:41,250,238.7,31.4,0.0005233333333333333,0.004626266666666667
2023-12-02 02:28:13,250,238.7,31.4,0.0005233333333333333,0.004626266666666667
2023-12-02 02:28:42,250,238.7,31.4,0.0005233333333333333,0.004626266666666667
2023-12-02 02:29:13,250,238.7,31.4,0.0005233333333333333,0.004626266666666667
2023-12-02 02:29:42,250,238.7,31.4,0.0005233333333333333,0.004626266666666667
2023-12-02 02:30:13,250,238.7,31.4,0.0005233333333333333,0.004626266666666667
2023-12-02 02:30:42,268,240.0,29.9,0.0004983333333333333,0.004405266666666666
2023-12-02 02:31:15,295,240.0,34.9,0.0005816666666666666,0.005141933333333333
2023-12-02 02:31:42,295,240.0,34.9,0.0005816666666666666,0.005141933333333333
2023-12-02 02:32:13,295,240.0,34.9,0.0005816666666666666,0.005141933333333333
2023-12-02 02:32:43,286,239.6,33.9,0.000565,0.004994599999999999
2023-12-02 02:33:13,286,239.6,33.9,0.000565,0.004994599999999999
2023-12-02 02:33:43,286,239.6,33.9,0.000565,0.004994599999999999
2023-12-02 02:34:13,321,238.2,35.1,0.000585,0.0051714000000000005
2023-12-02 02:34:43,321,238.2,35.1,0.000585,0.0051714000000000005
2023-12-02 02:35:13,321,238.2,35.1,0.000585,0.0051714000000000005
2023-12-02 02:35:43,264,238.7,34.9,0.0005816666666666666,0.005141933333333333
2023-12-02 02:36:13,264,238.7,34.9,0.0005816666666666666,0.005141933333333333
2023-12-02 02:36:43,264,238.7,34.9,0.0005816666666666666,0.005141933333333333
2023-12-02 02:37:13,264,238.7,34.9,0.0005816666666666666,0.005141933333333333
2023-12-02 02:37:44,264,238.7,34.9,0.0005816666666666666,0.005141933333333333
2023-12-02 02:38:13,283,239.1,27.7,0.00046166666666666665,0.004081133333333333
2023-12-02 02:38:44,283,239.1,27.7,0.00046166666666666665,0.004081133333333333
2023-12-02 02:39:13,283,239.1,27.7,0.00046166666666666665,0.004081133333333333
2023-12-02 02:39:44,283,239.1,27.7,0.00046166666666666665,0.004081133333333333
2023-12-02 02:40:13,283,239.1,27.7,0.00046166666666666665,0.004081133333333333
2023-12-02 02:40:44,283,239.1,27.7,0.00046166666666666665,0.004081133333333333
2023-12-02 02:41:13,280,240.0,31.6,0.0005266666666666667,0.004655733333333334
2023-12-02 02:41:45,252,239.6,32.0,0.0005333333333333334,0.0047146666666666665
2023-12-02 02:42:13,252,239.6,32.0,0.0005333333333333334,0.0047146666666666665
2023-12-02 02:42:45,252,239.6,32.0,0.0005333333333333334,0.0047146666666666665
2023-12-02 02:43:13,252,239.6,32.0,0.0005333333333333334,0.0047146666666666665
2023-12-02 02:43:45,252,239.6,32.0,0.0005333333333333334,0.0047146666666666665
2023-12-02 02:44:13,252,239.6,32.0,0.0005333333333333334,0.0047146666666666665
2023-12-02 02:44:45,252,239.6,32.0,0.0005333333333333334,0.0047146666666666665
2023-12-02 02:45:13,252,239.6,32.0,0.0005333333333333334,0.0047146666666666665
2023-12-02 02:45:46,252,239.6,32.0,0.0005333333333333334,0.0047146666666666665
2023-12-02 02:46:13,252,239.6,32.0,0.0005333333333333334,0.0047146666666666665
2023-12-02 02:46:46,252,239.6,32.0,0.0005333333333333334,0.0047146666666666665
2023-12-02 02:47:13,252,239.6,32.0,0.0005333333333333334,0.0047146666666666665
2023-12-02 02:47:46,252,239.6,32.0,0.0005333333333333334,0.0047146666666666665
2023-12-02 02:48:13,252,239.6,32.0,0.0005333333333333334,0.0047146666666666665
2023-12-02 02:48:46,252,239.6,32.0,0.0005333333333333334,0.0047146666666666665
2023-12-02 02:49:13,275,240.0,31.9,0.0005316666666666666,0.004699933333333333
2023-12-02 02:49:47,275,240.0,31.9,0.0005316666666666666,0.004699933333333333
2023-12-02 02:50:13,189,240.5,21.4,0.00035666666666666664,0.0031529333333333333
2023-12-02 02:50:47,189,240.5,21.4,0.00035666666666666664,0.0031529333333333333
2023-12-02 02:51:13,189,240.5,21.4,0.00035666666666666664,0.0031529333333333333
2023-12-02 02:51:47,189,240.5,21.4,0.00035666666666666664,0.0031529333333333333
2023-12-02 02:52:13,189,240.5,21.4,0.00035666666666666664,0.0031529333333333333
2023-12-02 02:52:47,189,240.5,21.4,0.00035666666666666664,0.0031529333333333333
2023-12-02 02:53:13,189,240.5,21.4,0.00035666666666666664,0.0031529333333333333
2023-12-02 02:53:48,189,240.5,21.4,0.00035666666666666664,0.0031529333333333333
2023-12-02 02:54:13,202,240.5,22.3,0.0003716666666666667,0.0032855333333333334
2023-12-02 02:54:48,202,240.5,22.3,0.0003716666666666667,0.0032855333333333334
2023-12-02 02:55:13,202,240.5,22.3,0.0003716666666666667,0.0032855333333333334
2023-12-02 02:55:48,202,240.5,22.3,0.0003716666666666667,0.0032855333333333334
2023-12-02 02:56:13,257,239.6,31.0,0.0005166666666666667,0.004567333333333334
2023-12-02 02:56:48,257,239.6,31.0,0.0005166666666666667,0.004567333333333334
2023-12-02 02:57:13,257,239.6,31.0,0.0005166666666666667,0.004567333333333334
2023-12-02 02:57:49,257,239.6,31.0,0.0005166666666666667,0.004567333333333334
2023-12-02 02:58:13,189,240.5,23.9,0.0003983333333333333,0.003521266666666666
2023-12-02 02:58:49,189,240.5,23.9,0.0003983333333333333,0.003521266666666666
2023-12-02 02:59:13,189,240.5,23.9,0.0003983333333333333,0.003521266666666666
2023-12-02 02:59:49,189,240.5,23.9,0.0003983333333333333,0.003521266666666666
2023-12-02 03:00:13,189,240.5,23.9,0.0003983333333333333,0.003521266666666666
2023-12-02 03:00:49,189,240.5,23.9,0.0003983333333333333,0.003521266666666666
2023-12-02 03:01:13,189,240.5,23.9,0.0003983333333333333,0.003521266666666666
2023-12-02 03:01:49,214,240.0,25.5,0.000425,0.003757
2023-12-02 03:01:57,269,240.0,37.2,0.0006200000000000001,0.005480800000000001
2023-12-02 03:02:50,250,239.1,29.8,0.0004966666666666666,0.004390533333333333
2023-12-02 03:02:57,250,239.1,29.8,0.0004966666666666666,0.004390533333333333
2023-12-02 03:03:50,230,238.7,26.1,0.000435,0.0038454
2023-12-02 03:03:58,230,238.7,26.1,0.000435,0.0038454
2023-12-02 03:04:50,230,238.7,26.1,0.000435,0.0038454
2023-12-02 03:04:59,230,238.7,26.1,0.000435,0.0038454
2023-12-02 03:05:50,230,238.7,26.1,0.000435,0.0038454
2023-12-02 03:06:00,230,238.7,26.1,0.000435,0.0038454
2023-12-02 03:06:51,230,238.7,26.1,0.000435,0.0038454
2023-12-02 03:07:01,230,238.7,26.1,0.000435,0.0038454
2023-12-02 03:07:51,230,238.7,26.1,0.000435,0.0038454
2023-12-02 03:08:02,230,238.7,26.1,0.000435,0.0038454
2023-12-02 03:08:51,303,239.6,37.6,0.0006266666666666666,0.005539733333333333
2023-12-02 03:09:03,233,238.7,25.9,0.0004316666666666666,0.003815933333333333
2023-12-02 03:09:51,233,238.7,25.9,0.0004316666666666666,0.003815933333333333
2023-12-02 03:10:04,233,238.7,25.9,0.0004316666666666666,0.003815933333333333
2023-12-02 03:10:52,233,238.7,25.9,0.0004316666666666666,0.003815933333333333
2023-12-02 03:10:58,233,238.7,25.9,0.0004316666666666666,0.003815933333333333
2023-12-02 03:11:52,291,240.9,33.6,0.0005600000000000001,0.004950400000000001
2023-12-02 03:11:59,291,240.9,33.6,0.0005600000000000001,0.004950400000000001
2023-12-02 03:12:52,268,239.1,34.3,0.0005716666666666666,0.005053533333333333
2023-12-02 03:13:00,268,239.1,34.3,0.0005716666666666666,0.005053533333333333
2023-12-02 03:13:52,328,239.1,40.0,0.0006666666666666666,0.005893333333333333
2023-12-02 03:14:01,328,239.1,40.0,0.0006666666666666666,0.005893333333333333
2023-12-02 03:14:53,290,239.1,39.2,0.0006533333333333335,0.005775466666666668
2023-12-02 03:15:02,238,239.1,27.7,0.00046166666666666665,0.004081133333333333
2023-12-02 03:15:53,373,238.7,36.8,0.0006133333333333334,0.005421866666666666
2023-12-02 03:16:03,373,238.7,36.8,0.0006133333333333334,0.005421866666666666
2023-12-02 03:22:09,272,238.2,34.0,0.0005666666666666667,0.0050093333333333335
2023-12-02 03:23:10,308,239.1,35.8,0.0005966666666666667,0.005274533333333334
2023-12-02 03:24:12,308,239.1,35.8,0.0005966666666666667,0.005274533333333334
2023-12-02 03:25:12,300,238.2,33.2,0.0005533333333333333,0.004891466666666666
2023-12-02 03:26:13,200,238.7,23.1,0.00038500000000000003,0.0034034000000000004
2023-12-02 08:20:59,0,240.0,0.0,0.0,0.0
2023-12-02 08:21:59,0,240.0,0.0,0.0,0.0
2023-12-02 08:22:44,0,240.0,0.0,0.0,0.0
2023-12-02 08:49:01,0,240.0,0.0,0.0,0.0
2023-12-02 08:50:01,0,240.0,0.0,0.0,0.0
2023-12-02 08:51:01,0,240.0,0.0,0.0,0.0
2023-12-02 08:52:01,0,240.0,0.0,0.0,0.0
2023-12-02 08:53:01,0,240.0,0.0,0.0,0.0
2023-12-02 08:54:01,0,240.0,0.0,0.0,0.0
2023-12-02 08:55:01,0,240.0,0.0,0.0,0.0
2023-12-02 08:56:01,0,240.0,0.0,0.0,0.0
2023-12-02 08:57:01,0,240.0,0.0,0.0,0.0
2023-12-02 08:58:01,0,240.0,0.0,0.0,0.0
2023-12-02 08:59:01,0,240.0,0.0,0.0,0.0
2023-12-02 08:59:46,0,240.0,0.0,0.0,0.0
2023-12-02 09:00:31,0,240.0,0.0,0.0,0.0
2023-12-02 09:00:46,0,240.0,0.0,0.0,0.0
2023-12-02 09:01:31,0,240.0,0.0,0.0,0.0
2023-12-02 09:01:47,0,240.0,0.0,0.0,0.0
2023-12-02 09:02:31,0,240.0,0.0,0.0,0.0
2023-12-02 09:02:48,0,240.0,0.0,0.0,0.0
2023-12-02 09:03:31,0,240.0,0.0,0.0,0.0
2023-12-02 09:03:46,0,240.0,0.0,0.0,0.0
2023-12-02 09:04:31,0,240.0,0.0,0.0,0.0
2023-12-02 09:04:47,0,240.0,0.0,0.0,0.0
2023-12-02 09:05:32,0,240.0,0.0,0.0,0.0
2023-12-02 09:05:48,0,240.0,0.0,0.0,0.0
2023-12-02 09:06:33,0,240.0,0.0,0.0,0.0
2023-12-02 09:06:49,0,240.0,0.0,0.0,0.0
2023-12-02 09:07:34,0,240.0,0.0,0.0,0.0
2023-12-02 09:07:50,0,240.0,0.0,0.0,0.0
2023-12-02 09:08:35,0,240.0,0.0,0.0,0.0
2023-12-02 09:08:51,0,240.0,0.0,0.0,0.0
2023-12-02 09:09:36,0,240.0,0.0,0.0,0.0
2023-12-02 09:09:52,0,240.0,0.0,0.0,0.0
2023-12-02 09:10:37,0,240.0,0.0,0.0,0.0
2023-12-02 09:10:53,0,240.0,0.0,0.0,0.0
2023-12-02 09:11:38,0,240.0,0.0,0.0,0.0
2023-12-02 09:11:54,0,240.0,0.0,0.0,0.0
2023-12-02 09:12:39,0,240.0,0.0,0.0,0.0
2023-12-02 09:12:55,0,240.0,0.0,0.0,0.0
2023-12-02 09:13:40,0,240.0,0.0,0.0,0.0
2023-12-02 09:13:56,0,240.0,0.0,0.0,0.0
2023-12-02 09:14:41,0,240.0,0.0,0.0,0.0
2023-12-02 09:14:57,0,240.0,0.0,0.0,0.0
2023-12-02 09:15:42,0,240.0,0.0,0.0,0.0
2023-12-02 09:15:58,0,240.0,0.0,0.0,0.0
2023-12-02 09:16:43,0,240.0,0.0,0.0,0.0
2023-12-02 09:16:59,0,240.0,0.0,0.0,0.0
2023-12-02 09:17:31,0,240.0,0.0,0.0,0.0
2023-12-02 09:18:00,0,240.0,0.0,0.0,0.0
2023-12-02 09:18:32,0,240.0,0.0,0.0,0.0
2023-12-02 09:19:01,0,240.0,0.0,0.0,0.0
2023-12-02 09:19:33,0,240.0,0.0,0.0,0.0
2023-12-02 09:20:01,0,240.0,0.0,0.0,0.0
2023-12-02 09:20:34,0,240.0,0.0,0.0,0.0
2023-12-02 09:21:01,0,240.0,0.0,0.0,0.0
2023-12-02 09:21:35,0,240.0,0.0,0.0,0.0
2023-12-02 09:22:01,0,240.0,0.0,0.0,0.0
2023-12-02 09:22:36,0,240.0,0.0,0.0,0.0
2023-12-02 09:23:01,0,240.0,0.0,0.0,0.0
2023-12-02 09:23:31,0,240.0,0.0,0.0,0.0
2023-12-02 09:23:46,0,240.0,0.0,0.0,0.0
2023-12-02 09:24:32,0,240.0,0.0,0.0,0.0
2023-12-02 12:01:02,0,240.0,0.0,0.0,0.0
2023-12-02 12:02:01,0,240.0,0.0,0.0,0.0
2023-12-02 12:02:01,0,240.0,0.0,0.0,0.0
2023-12-02 12:02:31,0,240.0,0.0,0.0,0.0
2023-12-02 12:02:32,0,240.0,0.0,0.0,0.0
2023-12-02 12:03:01,0,240.0,0.0,0.0,0.0
2023-12-02 12:03:01,0,240.0,0.0,0.0,0.0
2023-12-02 12:03:31,0,240.0,0.0,0.0,0.0
2023-12-02 12:03:33,0,240.0,0.0,0.0,0.0
2023-12-02 12:03:56,0,240.0,0.0,0.0,0.0
2023-12-02 12:04:01,0,240.0,0.0,0.0,0.0
2023-12-02 12:04:01,0,240.0,0.0,0.0,0.0
2023-12-02 12:04:31,0,240.0,0.0,0.0,0.0
2023-12-02 12:04:33,0,240.0,0.0,0.0,0.0
2023-12-02 12:04:55,0,240.0,0.0,0.0,0.0
2023-12-02 12:05:01,0,240.0,0.0,0.0,0.0
2023-12-02 12:05:01,0,240.0,0.0,0.0,0.0
2023-12-02 12:05:32,0,240.0,0.0,0.0,0.0
2023-12-02 12:05:33,0,240.0,0.0,0.0,0.0
2023-12-02 12:05:56,0,240.0,0.0,0.0,0.0
2023-12-02 12:06:01,0,240.0,0.0,0.0,0.0
2023-12-02 12:06:01,0,240.0,0.0,0.0,0.0
2023-12-02 12:06:32,0,240.0,0.0,0.0,0.0
2023-12-02 12:06:33,0,240.0,0.0,0.0,0.0
2023-12-02 12:06:56,0,240.0,0.0,0.0,0.0
2023-12-02 12:07:01,0,240.0,0.0,0.0,0.0
2023-12-02 12:07:01,0,240.0,0.0,0.0,0.0
2023-12-02 12:07:32,0,240.0,0.0,0.0,0.0
2023-12-02 12:07:34,0,240.0,0.0,0.0,0.0
2023-12-02 12:07:55,0,240.0,0.0,0.0,0.0
2023-12-02 12:08:01,0,240.0,0.0,0.0,0.0
2023-12-02 12:08:01,0,240.0,0.0,0.0,0.0
2023-12-02 12:08:31,0,240.0,0.0,0.0,0.0
2023-12-02 12:08:32,0,240.0,0.0,0.0,0.0
2023-12-02 12:08:34,0,240.0,0.0,0.0,0.0
2023-12-02 12:08:46,0,240.0,0.0,0.0,0.0
2023-12-02 12:08:56,0,240.0,0.0,0.0,0.0
2023-12-02 12:09:31,0,240.0,0.0,0.0,0.0
2023-12-02 12:09:33,0,240.0,0.0,0.0,0.0
2023-12-02 12:09:34,0,240.0,0.0,0.0,0.0
2023-12-02 12:09:47,0,240.0,0.0,0.0,0.0
2023-12-02 12:09:57,0,240.0,0.0,0.0,0.0
2023-12-02 12:10:32,0,240.0,0.0,0.0,0.0
2023-12-02 12:10:33,0,240.0,0.0,0.0,0.0
2023-12-02 12:10:34,0,240.0,0.0,0.0,0.0
2023-12-02 12:10:48,0,240.0,0.0,0.0,0.0
2023-12-02 12:10:58,0,240.0,0.0,0.0,0.0
2023-12-02 12:11:31,0,240.0,0.0,0.0,0.0
2023-12-02 12:11:33,0,240.0,0.0,0.0,0.0
2023-12-02 12:11:35,0,240.0,0.0,0.0,0.0
2023-12-02 12:11:49,0,240.0,0.0,0.0,0.0
2023-12-02 12:11:59,0,240.0,0.0,0.0,0.0
2023-12-02 12:12:31,0,240.0,0.0,0.0,0.0
2023-12-02 12:12:33,0,240.0,0.0,0.0,0.0
2023-12-02 12:12:35,0,240.0,0.0,0.0,0.0
2023-12-02 12:12:50,0,240.0,0.0,0.0,0.0
2023-12-02 12:13:00,0,240.0,0.0,0.0,0.0
2023-12-02 12:13:31,0,240.0,0.0,0.0,0.0
2023-12-02 12:13:34,0,240.0,0.0,0.0,0.0
2023-12-02 12:13:35,0,240.0,0.0,0.0,0.0
2023-12-02 12:13:51,0,240.0,0.0,0.0,0.0
2023-12-02 12:14:01,0,240.0,0.0,0.0,0.0
2023-12-02 12:14:31,0,240.0,0.0,0.0,0.0
2023-12-02 12:14:34,0,240.0,0.0,0.0,0.0
2023-12-02 12:14:35,0,240.0,0.0,0.0,0.0
2023-12-02 12:14:52,0,240.0,0.0,0.0,0.0
2023-12-02 12:14:55,0,240.0,0.0,0.0,0.0
2023-12-02 12:15:32,0,240.0,0.0,0.0,0.0
2023-12-02 12:15:34,0,240.0,0.0,0.0,0.0
2023-12-02 12:15:36,0,240.0,0.0,0.0,0.0
2023-12-02 12:15:53,0,240.0,0.0,0.0,0.0
2023-12-02 12:15:55,0,240.0,0.0,0.0,0.0
2023-12-02 12:16:31,0,240.0,0.0,0.0,0.0
2023-12-02 12:16:34,0,240.0,0.0,0.0,0.0
2023-12-02 12:16:36,0,240.0,0.0,0.0,0.0
2023-12-02 12:16:46,0,240.0,0.0,0.0,0.0
2023-12-02 12:16:56,0,240.0,0.0,0.0,0.0
2023-12-02 12:17:32,0,240.0,0.0,0.0,0.0
2023-12-02 12:17:35,0,240.0,0.0,0.0,0.0
2023-12-02 12:17:36,0,240.0,0.0,0.0,0.0
2023-12-02 12:17:47,0,240.0,0.0,0.0,0.0
2023-12-02 12:17:57,0,240.0,0.0,0.0,0.0
2023-12-02 12:18:33,0,240.0,0.0,0.0,0.0
2023-12-02 12:18:35,0,240.0,0.0,0.0,0.0
2023-12-02 12:18:37,0,240.0,0.0,0.0,0.0
2023-12-02 12:18:48,0,240.0,0.0,0.0,0.0
2023-12-02 12:18:58,0,240.0,0.0,0.0,0.0
2023-12-02 12:19:34,0,240.0,0.0,0.0,0.0
2023-12-02 12:19:35,0,240.0,0.0,0.0,0.0
2023-12-02 12:19:37,0,240.0,0.0,0.0,0.0
2023-12-02 12:19:49,0,240.0,0.0,0.0,0.0
2023-12-02 12:19:59,0,240.0,0.0,0.0,0.0
2023-12-02 12:20:35,0,240.0,0.0,0.0,0.0
2023-12-02 12:20:35,0,240.0,0.0,0.0,0.0
2023-12-02 12:20:37,0,240.0,0.0,0.0,0.0
2023-12-02 12:20:50,0,240.0,0.0,0.0,0.0
2023-12-02 12:20:56,0,240.0,0.0,0.0,0.0
2023-12-02 12:21:36,0,240.0,0.0,0.0,0.0
2023-12-02 12:21:36,0,240.0,0.0,0.0,0.0
2023-12-02 12:21:37,0,240.0,0.0,0.0,0.0
2023-12-02 12:21:51,0,240.0,0.0,0.0,0.0
2023-12-02 12:21:56,0,240.0,0.0,0.0,0.0
2023-12-02 12:22:36,0,240.0,0.0,0.0,0.0
2023-12-02 12:22:37,0,240.0,0.0,0.0,0.0
2023-12-02 12:22:38,0,240.0,0.0,0.0,0.0
2023-12-02 12:22:52,0,240.0,0.0,0.0,0.0
2023-12-02 12:22:57,0,240.0,0.0,0.0,0.0
2023-12-02 12:23:37,0,240.0,0.0,0.0,0.0
2023-12-02 12:23:38,0,240.0,0.0,0.0,0.0
2023-12-02 12:23:39,0,240.0,0.0,0.0,0.0
2023-12-02 12:23:53,0,240.0,0.0,0.0,0.0
2023-12-02 12:24:01,0,240.0,0.0,0.0,0.0
2023-12-02 12:24:37,0,240.0,0.0,0.0,0.0
2023-12-02 12:24:39,0,240.0,0.0,0.0,0.0
2023-12-02 12:24:39,0,240.0,0.0,0.0,0.0
2023-12-02 12:24:54,0,240.0,0.0,0.0,0.0
2023-12-02 12:24:56,0,240.0,0.0,0.0,0.0
2023-12-02 12:25:37,0,240.0,0.0,0.0,0.0
2023-12-02 12:25:40,0,240.0,0.0,0.0,0.0
2023-12-02 12:25:41,0,240.0,0.0,0.0,0.0
2023-12-02 12:25:55,0,240.0,0.0,0.0,0.0
2023-12-02 12:25:57,0,240.0,0.0,0.0,0.0
2023-12-02 12:26:37,0,240.0,0.0,0.0,0.0
2023-12-02 12:26:40,0,240.0,0.0,0.0,0.0
2023-12-02 12:26:41,0,240.0,0.0,0.0,0.0
2023-12-02 12:26:56,0,240.0,0.0,0.0,0.0
2023-12-02 12:26:58,0,240.0,0.0,0.0,0.0
2023-12-02 12:27:38,0,240.0,0.0,0.0,0.0
2023-12-02 12:27:40,0,240.0,0.0,0.0,0.0
2023-12-02 12:27:42,0,240.0,0.0,0.0,0.0
2023-12-02 12:27:57,0,240.0,0.0,0.0,0.0
2023-12-02 12:27:59,0,240.0,0.0,0.0,0.0
2023-12-02 12:28:38,0,240.0,0.0,0.0,0.0
2023-12-02 12:28:40,0,240.0,0.0,0.0,0.0
2023-12-02 12:28:43,0,240.0,0.0,0.0,0.0
2023-12-02 12:28:56,0,240.0,0.0,0.0,0.0
2023-12-02 12:28:58,0,240.0,0.0,0.0,0.0
2023-12-02 12:29:38,0,240.0,0.0,0.0,0.0
2023-12-02 12:29:41,0,240.0,0.0,0.0,0.0
2023-12-02 12:29:44,0,240.0,0.0,0.0,0.0
2023-12-02 12:29:56,0,240.0,0.0,0.0,0.0
2023-12-02 12:29:59,0,240.0,0.0,0.0,0.0
2023-12-02 12:30:38,0,240.0,0.0,0.0,0.0
2023-12-02 12:30:41,0,240.0,0.0,0.0,0.0
2023-12-02 12:30:45,0,240.0,0.0,0.0,0.0
2023-12-02 12:30:57,0,240.0,0.0,0.0,0.0
2023-12-02 12:31:00,0,240.0,0.0,0.0,0.0
2023-12-02 12:31:39,0,240.0,0.0,0.0,0.0
2023-12-02 12:31:41,0,240.0,0.0,0.0,0.0
2023-12-02 12:31:46,0,240.0,0.0,0.0,0.0
2023-12-02 12:31:56,0,240.0,0.0,0.0,0.0
2023-12-02 12:32:01,0,240.0,0.0,0.0,0.0
2023-12-02 12:32:39,0,240.0,0.0,0.0,0.0
2023-12-02 12:32:41,0,240.0,0.0,0.0,0.0
2023-12-02 12:32:47,0,240.0,0.0,0.0,0.0
2023-12-02 12:32:57,0,240.0,0.0,0.0,0.0
2023-12-02 12:33:01,0,240.0,0.0,0.0,0.0
2023-12-02 12:33:39,0,240.0,0.0,0.0,0.0
2023-12-02 12:33:42,0,240.0,0.0,0.0,0.0
2023-12-02 12:33:48,0,240.0,0.0,0.0,0.0
2023-12-02 12:33:56,0,240.0,0.0,0.0,0.0
2023-12-02 12:34:01,0,240.0,0.0,0.0,0.0
2023-12-02 12:34:10,0,240.0,0.0,0.0,0.0
2023-12-02 12:34:39,0,240.0,0.0,0.0,0.0
2023-12-02 12:34:49,0,240.0,0.0,0.0,0.0
2023-12-02 12:34:57,0,240.0,0.0,0.0,0.0
2023-12-02 12:35:01,0,240.0,0.0,0.0,0.0
2023-12-02 12:35:10,0,240.0,0.0,0.0,0.0
2023-12-02 12:35:40,0,240.0,0.0,0.0,0.0
2023-12-02 12:35:50,0,240.0,0.0,0.0,0.0
2023-12-02 12:35:58,0,240.0,0.0,0.0,0.0
2023-12-02 12:36:01,0,240.0,0.0,0.0,0.0
2023-12-02 12:36:10,0,240.0,0.0,0.0,0.0
2023-12-02 12:36:40,0,240.0,0.0,0.0,0.0
2023-12-02 12:36:51,0,240.0,0.0,0.0,0.0
2023-12-02 12:36:59,0,240.0,0.0,0.0,0.0
2023-12-02 12:37:01,0,240.0,0.0,0.0,0.0
2023-12-02 12:37:11,0,240.0,0.0,0.0,0.0
2023-12-02 12:37:40,0,240.0,0.0,0.0,0.0
2023-12-02 12:37:52,0,240.0,0.0,0.0,0.0
2023-12-02 12:38:00,0,240.0,0.0,0.0,0.0
2023-12-02 12:38:01,0,240.0,0.0,0.0,0.0
2023-12-02 12:38:11,0,240.0,0.0,0.0,0.0
2023-12-03 21:35:30,466,232.7,55.5,0.000925,0.008177
2023-12-03 21:35:31,466,232.7,55.5,0.000925,0.008177
2023-12-03 21:35:44,466,232.7,55.5,0.000925,0.008177
2023-12-03 21:36:31,466,232.7,55.5,0.000925,0.008177
2023-12-03 21:36:31,466,232.7,55.5,0.000925,0.008177
2023-12-03 21:36:44,466,232.7,55.5,0.000925,0.008177
2023-12-03 21:37:31,466,232.7,55.5,0.000925,0.008177
2023-12-03 21:37:32,466,232.7,55.5,0.000925,0.008177
2023-12-03 21:37:44,466,232.7,55.5,0.000925,0.008177
2023-12-03 21:38:32,466,232.7,55.5,0.000925,0.008177
2023-12-03 21:38:33,466,232.7,55.5,0.000925,0.008177
2023-12-03 21:38:44,466,232.7,55.5,0.000925,0.008177
2023-12-03 21:39:14,466,232.7,55.5,0.000925,0.008177
2023-12-03 21:39:44,466,232.7,55.5,0.000925,0.008177
2023-12-03 21:40:09,466,232.7,55.5,0.000925,0.008177
2023-12-03 21:40:14,466,232.7,55.5,0.000925,0.008177
2023-12-03 21:40:44,466,232.7,55.5,0.000925,0.008177
2023-12-03 21:41:09,466,232.7,55.5,0.000925,0.008177
2023-12-03 21:41:14,466,232.7,55.5,0.000925,0.008177
2023-12-03 21:41:44,466,232.7,55.5,0.000925,0.008177
2023-12-03 21:42:10,466,232.7,55.5,0.000925,0.008177
2023-12-03 21:42:15,466,232.7,55.5,0.000925,0.008177
2023-12-03 21:42:44,466,232.7,55.5,0.000925,0.008177
2023-12-03 21:43:10,466,232.7,55.5,0.000925,0.008177
2023-12-03 21:43:16,466,232.7,55.5,0.000925,0.008177
2023-12-03 21:43:44,466,232.7,55.5,0.000925,0.008177
2023-12-03 21:44:10,466,232.7,55.5,0.000925,0.008177
2023-12-03 21:44:17,466,232.7,55.5,0.000925,0.008177
2023-12-03 21:44:44,466,232.7,55.5,0.000925,0.008177
2023-12-03 21:45:11,466,232.7,55.5,0.000925,0.008177
2023-12-03 21:45:18,466,232.7,55.5,0.000925,0.008177
2023-12-03 21:45:44,466,232.7,55.5,0.000925,0.008177
2023-12-03 21:46:10,466,232.7,55.5,0.000925,0.008177
2023-12-03 21:46:19,466,232.7,55.5,0.000925,0.008177
2023-12-03 21:46:44,466,232.7,55.5,0.000925,0.008177
2023-12-03 21:47:20,466,232.7,55.5,0.000925,0.008177
2023-12-03 21:47:44,466,232.7,55.5,0.000925,0.008177
2023-12-03 21:48:21,466,232.7,55.5,0.000925,0.008177
2023-12-03 21:48:44,466,232.7,55.5,0.000925,0.008177
2023-12-03 21:49:22,466,232.7,55.5,0.000925,0.008177
2023-12-03 21:49:44,466,232.7,55.5,0.000925,0.008177
2023-12-03 21:50:17,466,232.7,55.5,0.000925,0.008177
2023-12-03 21:50:44,466,232.7,55.5,0.000925,0.008177
2023-12-03 22:23:21,0,236.9,0.0,0.0,0.0
2023-12-03 22:23:44,0,236.9,0.0,0.0,0.0
2023-12-03 22:24:14,320,236.9,34.9,0.0005816666666666666,0.005141933333333333
2023-12-03 22:24:44,320,236.9,34.9,0.0005816666666666666,0.005141933333333333
2023-12-03 22:43:34,0,241.8,0.0,0.0,0.0
2023-12-03 22:44:14,336,237.8,37.0,0.0006166666666666666,0.005451333333333333
2023-12-03 22:44:31,336,237.8,37.0,0.0006166666666666666,0.005451333333333333
2023-12-03 22:45:14,336,237.8,37.0,0.0006166666666666666,0.005451333333333333
2023-12-03 22:45:32,336,237.8,37.0,0.0006166666666666666,0.005451333333333333
2023-12-03 22:46:15,336,237.8,37.0,0.0006166666666666666,0.005451333333333333
2023-12-03 22:46:33,336,237.8,37.0,0.0006166666666666666,0.005451333333333333
2023-12-03 22:47:16,336,237.8,37.0,0.0006166666666666666,0.005451333333333333
2023-12-03 22:47:34,336,237.8,37.0,0.0006166666666666666,0.005451333333333333
2023-12-03 22:48:17,336,237.8,37.0,0.0006166666666666666,0.005451333333333333
2023-12-03 22:48:35,336,237.8,37.0,0.0006166666666666666,0.005451333333333333
2023-12-03 22:49:18,336,237.8,37.0,0.0006166666666666666,0.005451333333333333
2023-12-03 22:49:36,336,237.8,37.0,0.0006166666666666666,0.005451333333333333
2023-12-03 22:50:19,336,237.8,37.0,0.0006166666666666666,0.005451333333333333
2023-12-03 22:50:37,336,237.8,37.0,0.0006166666666666666,0.005451333333333333
2023-12-03 23:27:02,0,236.5,0.0,0.0,0.0
2023-12-03 23:27:37,302,240.0,33.0,0.00055,0.004862
2023-12-03 23:27:44,302,240.0,33.0,0.00055,0.004862
2023-12-03 23:28:14,302,240.0,33.0,0.00055,0.004862
2023-12-03 23:28:44,302,240.0,33.0,0.00055,0.004862
2023-12-03 23:29:15,302,240.0,33.0,0.00055,0.004862
2023-12-03 23:29:44,302,240.0,33.0,0.00055,0.004862
2023-12-03 23:30:16,302,240.0,33.0,0.00055,0.004862
2023-12-03 23:30:44,302,240.0,33.0,0.00055,0.004862
2023-12-03 23:31:17,302,240.0,33.0,0.00055,0.004862
2023-12-03 23:31:44,302,240.0,33.0,0.00055,0.004862
2023-12-03 23:32:18,302,240.0,33.0,0.00055,0.004862
2023-12-03 23:32:44,302,240.0,33.0,0.00055,0.004862
2023-12-03 23:33:19,302,240.0,33.0,0.00055,0.004862
2023-12-03 23:33:44,302,240.0,33.0,0.00055,0.004862
2023-12-03 23:34:20,302,240.0,33.0,0.00055,0.004862
2023-12-03 23:34:44,302,240.0,33.0,0.00055,0.004862
2023-12-03 23:35:21,302,240.0,33.0,0.00055,0.004862
2023-12-03 23:35:44,302,240.0,33.0,0.00055,0.004862
2023-12-03 23:36:22,302,240.0,33.0,0.00055,0.004862
2023-12-03 23:36:44,302,240.0,33.0,0.00055,0.004862
2023-12-03 23:37:23,302,240.0,33.0,0.00055,0.004862
2023-12-03 23:37:44,302,240.0,33.0,0.00055,0.004862
2023-12-03 23:38:24,302,240.0,33.0,0.00055,0.004862
2023-12-03 23:38:44,302,240.0,33.0,0.00055,0.004862
2023-12-03 23:39:25,302,240.0,33.0,0.00055,0.004862
2023-12-03 23:39:44,302,240.0,33.0,0.00055,0.004862
2023-12-03 23:40:26,302,240.0,33.0,0.00055,0.004862
2023-12-03 23:40:44,302,240.0,33.0,0.00055,0.004862
2023-12-03 23:41:27,302,240.0,33.0,0.00055,0.004862
2023-12-03 23:41:44,302,240.0,33.0,0.00055,0.004862
2023-12-03 23:42:28,302,240.0,33.0,0.00055,0.004862
2023-12-03 23:42:44,302,240.0,33.0,0.00055,0.004862
2023-12-03 23:43:29,302,240.0,33.0,0.00055,0.004862
2023-12-03 23:43:44,302,240.0,33.0,0.00055,0.004862
2023-12-03 23:44:30,302,240.0,33.0,0.00055,0.004862
2023-12-03 23:44:44,302,240.0,33.0,0.00055,0.004862
2023-12-03 23:45:31,302,240.0,33.0,0.00055,0.004862
2023-12-03 23:45:44,302,240.0,33.0,0.00055,0.004862
2023-12-03 23:46:32,302,240.0,33.0,0.00055,0.004862
2023-12-03 23:46:44,302,240.0,33.0,0.00055,0.004862
2023-12-03 23:47:33,302,240.0,33.0,0.00055,0.004862
2023-12-03 23:47:44,302,240.0,33.0,0.00055,0.004862
2023-12-03 23:48:34,302,240.0,33.0,0.00055,0.004862
2023-12-03 23:48:44,302,240.0,33.0,0.00055,0.004862
2023-12-03 23:49:35,302,240.0,33.0,0.00055,0.004862
2023-12-03 23:49:44,302,240.0,33.0,0.00055,0.004862
2023-12-03 23:50:36,302,240.0,33.0,0.00055,0.004862
2023-12-03 23:50:44,302,240.0,33.0,0.00055,0.004862
2023-12-03 23:51:37,302,240.0,33.0,0.00055,0.004862
2023-12-03 23:51:44,302,240.0,33.0,0.00055,0.004862
2023-12-03 23:52:38,302,240.0,33.0,0.00055,0.004862
2023-12-03 23:52:44,302,240.0,33.0,0.00055,0.004862
2023-12-03 23:53:39,302,240.0,33.0,0.00055,0.004862
2023-12-03 23:53:44,302,240.0,33.0,0.00055,0.004862
2023-12-03 23:54:40,302,240.0,33.0,0.00055,0.004862
2023-12-03 23:54:44,302,240.0,33.0,0.00055,0.004862
2023-12-03 23:55:14,302,240.0,33.0,0.00055,0.004862
2023-12-03 23:55:44,302,240.0,33.0,0.00055,0.004862
2023-12-03 23:56:15,302,240.0,33.0,0.00055,0.004862
2023-12-03 23:56:44,302,240.0,33.0,0.00055,0.004862
2023-12-03 23:57:16,302,240.0,33.0,0.00055,0.004862
2023-12-03 23:57:44,302,240.0,33.0,0.00055,0.004862
2023-12-03 23:58:17,302,240.0,33.0,0.00055,0.004862
2023-12-03 23:58:44,302,240.0,33.0,0.00055,0.004862
2023-12-03 23:59:18,302,240.0,33.0,0.00055,0.004862
2023-12-03 23:59:44,302,240.0,33.0,0.00055,0.004862
2023-12-04 00:00:19,302,240.0,33.0,0.00055,0.004862
2023-12-04 00:00:44,302,240.0,33.0,0.00055,0.004862
2023-12-04 00:01:20,302,240.0,33.0,0.00055,0.004862
2023-12-04 00:01:44,302,240.0,33.0,0.00055,0.004862
2023-12-04 00:02:22,302,240.0,33.0,0.00055,0.004862
2023-12-04 00:02:44,302,240.0,33.0,0.00055,0.004862
2023-12-04 00:03:22,302,240.0,33.0,0.00055,0.004862
2023-12-04 00:03:44,302,240.0,33.0,0.00055,0.004862
2023-12-04 00:04:23,302,240.0,33.0,0.00055,0.004862
2023-12-04 00:04:44,302,240.0,33.0,0.00055,0.004862
2023-12-04 00:05:24,302,240.0,33.0,0.00055,0.004862
2023-12-04 00:05:44,302,240.0,33.0,0.00055,0.004862
2023-12-04 00:06:25,302,240.0,33.0,0.00055,0.004862
2023-12-04 00:06:45,0,243.2,0.0,0.0,0.0
2023-12-04 00:07:26,0,243.2,0.0,0.0,0.0
2023-12-04 00:07:44,0,243.2,0.0,0.0,0.0
2023-12-04 00:08:27,0,243.2,0.0,0.0,0.0
2023-12-04 00:08:44,0,243.2,0.0,0.0,0.0
2023-12-04 00:09:28,0,243.2,0.0,0.0,0.0
2023-12-04 00:09:44,0,243.2,0.0,0.0,0.0
2023-12-04 00:10:29,0,243.2,0.0,0.0,0.0
2023-12-04 00:10:44,0,243.2,0.0,0.0,0.0
2023-12-04 00:11:30,0,243.2,0.0,0.0,0.0
2023-12-04 00:11:44,0,243.2,0.0,0.0,0.0
2023-12-04 00:12:14,0,243.2,0.0,0.0,0.0
2023-12-04 00:12:44,0,243.2,0.0,0.0,0.0
2023-12-04 00:13:15,0,243.2,0.0,0.0,0.0
2023-12-04 00:13:44,0,243.2,0.0,0.0,0.0
2023-12-04 00:14:16,0,243.2,0.0,0.0,0.0
2023-12-04 00:14:44,0,243.2,0.0,0.0,0.0
2023-12-04 00:15:17,0,243.2,0.0,0.0,0.0
2023-12-04 00:15:44,0,243.2,0.0,0.0,0.0
2023-12-04 00:16:20,0,243.2,0.0,0.0,0.0
2023-12-04 00:16:44,0,243.2,0.0,0.0,0.0
2023-12-04 00:17:19,0,243.2,0.0,0.0,0.0
2023-12-04 00:17:44,0,243.2,0.0,0.0,0.0
2023-12-04 00:18:20,0,243.2,0.0,0.0,0.0
2023-12-04 00:18:44,0,243.2,0.0,0.0,0.0
2023-12-04 00:19:21,0,243.2,0.0,0.0,0.0
2023-12-04 00:19:44,0,243.2,0.0,0.0,0.0
2023-12-04 00:20:22,0,243.2,0.0,0.0,0.0
2023-12-04 00:20:44,0,243.2,0.0,0.0,0.0
2023-12-04 00:21:23,0,243.2,0.0,0.0,0.0
2023-12-04 00:21:44,0,243.2,0.0,0.0,0.0
2023-12-04 00:22:24,0,243.2,0.0,0.0,0.0
2023-12-04 00:22:44,0,243.2,0.0,0.0,0.0
2023-12-04 00:23:25,0,243.2,0.0,0.0,0.0
2023-12-04 01:26:03,0,243.2,0.0,0.0,0.0
2023-12-04 01:26:44,0,243.2,0.0,0.0,0.0
2023-12-04 01:26:44,0,243.2,0.0,0.0,0.0
2023-12-04 01:27:44,0,243.2,0.0,0.0,0.0
2023-12-04 01:27:44,0,243.2,0.0,0.0,0.0
2023-12-04 01:28:44,0,243.2,0.0,0.0,0.0
2023-12-04 01:28:44,0,243.2,0.0,0.0,0.0
2023-12-04 01:29:14,0,243.2,0.0,0.0,0.0
2023-12-04 01:29:44,0,243.2,0.0,0.0,0.0
2023-12-04 01:30:14,0,243.2,0.0,0.0,0.0
2023-12-04 01:30:44,0,243.2,0.0,0.0,0.0
2023-12-04 01:31:15,0,243.2,0.0,0.0,0.0
2023-12-04 01:31:44,0,243.2,0.0,0.0,0.0
2023-12-04 01:32:16,0,243.2,0.0,0.0,0.0
2023-12-04 01:32:44,0,243.2,0.0,0.0,0.0
2023-12-04 01:33:17,0,243.2,0.0,0.0,0.0
2023-12-04 01:33:44,0,243.2,0.0,0.0,0.0
2023-12-04 01:34:18,0,243.2,0.0,0.0,0.0
2023-12-04 01:34:44,0,243.2,0.0,0.0,0.0
2023-12-04 01:35:19,0,243.2,0.0,0.0,0.0
2023-12-04 01:35:44,0,243.2,0.0,0.0,0.0
2023-12-04 01:36:20,0,243.2,0.0,0.0,0.0
2023-12-04 01:36:44,0,243.2,0.0,0.0,0.0
2023-12-04 01:37:21,0,243.2,0.0,0.0,0.0
2023-12-04 01:37:44,0,243.2,0.0,0.0,0.0
2023-12-04 01:38:22,0,243.2,0.0,0.0,0.0
2023-12-04 01:38:44,0,243.2,0.0,0.0,0.0
2023-12-04 01:39:23,0,243.2,0.0,0.0,0.0
2023-12-04 01:39:44,0,243.2,0.0,0.0,0.0
2023-12-04 01:40:24,0,243.2,0.0,0.0,0.0
2023-12-04 01:40:44,0,243.2,0.0,0.0,0.0
2023-12-04 01:41:25,0,243.2,0.0,0.0,0.0
2023-12-04 01:41:44,0,243.2,0.0,0.0,0.0
2023-12-04 01:42:26,0,243.2,0.0,0.0,0.0
2023-12-04 01:42:44,0,243.2,0.0,0.0,0.0
2023-12-04 01:43:27,0,243.2,0.0,0.0,0.0
2023-12-04 01:43:44,0,243.2,0.0,0.0,0.0
2023-12-04 01:44:28,0,243.2,0.0,0.0,0.0
2023-12-04 01:44:44,0,243.2,0.0,0.0,0.0
2023-12-04 01:45:29,0,243.2,0.0,0.0,0.0
2023-12-04 01:45:44,0,243.2,0.0,0.0,0.0
2023-12-04 01:46:30,0,243.2,0.0,0.0,0.0
2023-12-04 01:46:44,0,243.2,0.0,0.0,0.0
2023-12-04 01:47:31,0,243.2,0.0,0.0,0.0
2023-12-04 01:47:44,0,243.2,0.0,0.0,0.0
2023-12-04 01:48:32,0,243.2,0.0,0.0,0.0
2023-12-04 01:48:44,0,243.2,0.0,0.0,0.0
2023-12-04 01:49:33,0,243.2,0.0,0.0,0.0
2023-12-04 01:49:44,0,243.2,0.0,0.0,0.0
2023-12-04 01:50:34,0,243.2,0.0,0.0,0.0
2023-12-04 01:50:44,0,243.2,0.0,0.0,0.0
2023-12-04 01:51:35,0,243.2,0.0,0.0,0.0
2023-12-04 01:51:44,0,243.2,0.0,0.0,0.0
2023-12-04 01:52:36,0,243.2,0.0,0.0,0.0
2023-12-04 01:52:44,0,243.2,0.0,0.0,0.0
2023-12-04 01:53:37,0,243.2,0.0,0.0,0.0
2023-12-04 01:53:44,0,243.2,0.0,0.0,0.0
2023-12-04 01:54:38,0,243.2,0.0,0.0,0.0
2023-12-04 01:54:44,0,243.2,0.0,0.0,0.0
2023-12-04 01:55:39,0,243.2,0.0,0.0,0.0
2023-12-04 01:55:44,0,243.2,0.0,0.0,0.0
2023-12-04 01:56:40,0,243.2,0.0,0.0,0.0
2023-12-04 01:56:44,0,243.2,0.0,0.0,0.0
2023-12-04 01:57:41,0,243.2,0.0,0.0,0.0
2023-12-04 01:57:44,0,243.2,0.0,0.0,0.0
2023-12-04 01:58:42,0,243.2,0.0,0.0,0.0
2023-12-04 01:58:44,0,243.2,0.0,0.0,0.0
2023-12-04 01:59:43,0,243.2,0.0,0.0,0.0
2023-12-04 01:59:44,0,243.2,0.0,0.0,0.0
2023-12-04 02:00:44,0,243.2,0.0,0.0,0.0
2023-12-04 02:00:44,0,243.2,0.0,0.0,0.0
2023-12-04 02:01:44,0,243.2,0.0,0.0,0.0
2023-12-04 02:01:44,0,243.2,0.0,0.0,0.0
2023-12-04 02:02:44,0,243.2,0.0,0.0,0.0
2023-12-04 02:02:44,0,243.2,0.0,0.0,0.0
2023-12-04 02:03:44,0,243.2,0.0,0.0,0.0
2023-12-04 02:03:44,0,243.2,0.0,0.0,0.0
2023-12-04 02:04:44,0,243.2,0.0,0.0,0.0
2023-12-04 02:04:44,0,243.2,0.0,0.0,0.0
2023-12-04 02:05:44,0,243.2,0.0,0.0,0.0
2023-12-04 02:05:44,0,243.2,0.0,0.0,0.0
2023-12-04 02:06:44,0,243.2,0.0,0.0,0.0
2023-12-04 02:06:44,0,243.2,0.0,0.0,0.0
2023-12-04 02:07:44,0,243.2,0.0,0.0,0.0
2023-12-04 02:07:44,0,243.2,0.0,0.0,0.0
2023-12-04 02:08:14,0,243.2,0.0,0.0,0.0
2023-12-04 02:08:44,0,243.2,0.0,0.0,0.0
2023-12-04 02:09:14,0,243.2,0.0,0.0,0.0
2023-12-04 02:09:44,0,243.2,0.0,0.0,0.0
2023-12-04 02:09:46,0,243.2,0.0,0.0,0.0
2023-12-04 02:10:14,0,243.2,0.0,0.0,0.0
2023-12-04 02:10:31,0,243.2,0.0,0.0,0.0
2023-12-04 02:10:44,0,243.2,0.0,0.0,0.0
2023-12-04 02:10:45,0,243.2,0.0,0.0,0.0
2023-12-04 02:11:15,0,243.2,0.0,0.0,0.0
2023-12-04 02:11:31,0,243.2,0.0,0.0,0.0
2023-12-04 02:11:44,0,243.2,0.0,0.0,0.0
2023-12-04 02:11:46,0,243.2,0.0,0.0,0.0
2023-12-04 02:12:16,0,243.2,0.0,0.0,0.0
2023-12-04 02:12:31,0,243.2,0.0,0.0,0.0
2023-12-04 02:12:44,0,243.2,0.0,0.0,0.0
2023-12-04 02:12:46,0,243.2,0.0,0.0,0.0
2023-12-04 02:13:17,0,243.2,0.0,0.0,0.0
2023-12-04 02:13:31,0,243.2,0.0,0.0,0.0
2023-12-04 02:13:44,0,243.2,0.0,0.0,0.0
2023-12-04 02:13:46,0,243.2,0.0,0.0,0.0
2023-12-04 02:14:18,0,243.2,0.0,0.0,0.0
2023-12-04 02:14:31,0,0.0,0.0,0.0,0.0
2023-12-04 02:14:44,0,0.0,0.0,0.0,0.0
2023-12-04 02:14:45,0,0.0,0.0,0.0,0.0
2023-12-04 02:15:19,462,245.0,56.1,0.0009350000000000001,0.008265400000000001
2023-12-04 02:15:31,462,245.0,56.1,0.0009350000000000001,0.008265400000000001
2023-12-04 02:15:44,462,245.0,56.1,0.0009350000000000001,0.008265400000000001
2023-12-04 02:15:46,462,245.0,56.1,0.0009350000000000001,0.008265400000000001
2023-12-04 02:16:14,462,245.0,56.1,0.0009350000000000001,0.008265400000000001
2023-12-04 02:16:32,462,245.0,56.1,0.0009350000000000001,0.008265400000000001
2023-12-04 02:16:44,462,245.0,56.1,0.0009350000000000001,0.008265400000000001
2023-12-04 02:17:15,462,245.0,56.1,0.0009350000000000001,0.008265400000000001
2023-12-04 02:17:33,462,245.0,56.1,0.0009350000000000001,0.008265400000000001
2023-12-04 02:17:44,462,245.0,56.1,0.0009350000000000001,0.008265400000000001
2023-12-04 02:18:16,462,245.0,56.1,0.0009350000000000001,0.008265400000000001
2023-12-04 02:18:30,462,245.0,56.1,0.0009350000000000001,0.008265400000000001
2023-12-04 02:18:44,462,245.0,56.1,0.0009350000000000001,0.008265400000000001
2023-12-04 02:19:14,462,245.0,56.1,0.0009350000000000001,0.008265400000000001
2023-12-04 02:19:31,462,245.0,56.1,0.0009350000000000001,0.008265400000000001
2023-12-04 02:19:44,462,245.0,56.1,0.0009350000000000001,0.008265400000000001
2023-12-04 02:20:15,462,245.0,56.1,0.0009350000000000001,0.008265400000000001
2023-12-04 02:20:32,462,245.0,56.1,0.0009350000000000001,0.008265400000000001
2023-12-04 02:20:44,462,245.0,56.1,0.0009350000000000001,0.008265400000000001
2023-12-04 02:24:19,0,246.9,0.0,0.0,0.0
2023-12-04 02:24:36,0,246.9,0.0,0.0,0.0
2023-12-04 02:24:44,0,246.9,0.0,0.0,0.0
2023-12-04 02:25:20,0,246.9,0.0,0.0,0.0
2023-12-04 02:25:31,0,246.9,0.0,0.0,0.0
2023-12-04 02:25:44,0,246.9,0.0,0.0,0.0
2023-12-04 02:26:21,0,246.9,0.0,0.0,0.0
2023-12-04 02:26:31,0,246.9,0.0,0.0,0.0
2023-12-04 02:26:44,0,246.9,0.0,0.0,0.0
2023-12-04 02:27:22,0,246.9,0.0,0.0,0.0
2023-12-04 02:27:31,0,246.9,0.0,0.0,0.0
2023-12-04 02:27:44,0,246.9,0.0,0.0,0.0
2023-12-04 02:28:23,0,246.9,0.0,0.0,0.0
2023-12-04 02:28:32,0,246.9,0.0,0.0,0.0
2023-12-04 02:28:44,0,246.9,0.0,0.0,0.0
2023-12-04 02:29:24,0,246.9,0.0,0.0,0.0
2023-12-04 02:29:33,0,246.9,0.0,0.0,0.0
2023-12-04 02:29:44,0,246.9,0.0,0.0,0.0
2023-12-04 02:30:25,0,246.9,0.0,0.0,0.0
2023-12-04 02:30:34,0,246.9,0.0,0.0,0.0
2023-12-04 02:30:44,0,246.9,0.0,0.0,0.0
2023-12-04 02:31:26,0,246.9,0.0,0.0,0.0
2023-12-04 02:31:35,0,246.9,0.0,0.0,0.0
2023-12-04 02:31:44,0,246.9,0.0,0.0,0.0
2023-12-04 02:32:27,0,246.9,0.0,0.0,0.0
2023-12-04 02:32:36,0,246.9,0.0,0.0,0.0
2023-12-04 02:32:44,0,246.9,0.0,0.0,0.0
2023-12-04 02:33:28,0,246.9,0.0,0.0,0.0
2023-12-04 02:33:30,0,246.9,0.0,0.0,0.0
2023-12-04 02:33:44,0,246.9,0.0,0.0,0.0
2023-12-04 02:34:29,493,245.0,55.9,0.0009316666666666666,0.008235933333333332
2023-12-04 02:34:31,493,245.0,55.9,0.0009316666666666666,0.008235933333333332
2023-12-04 02:34:44,493,245.0,55.9,0.0009316666666666666,0.008235933333333332
2023-12-04 02:35:30,493,245.0,55.9,0.0009316666666666666,0.008235933333333332
2023-12-04 02:35:32,493,245.0,55.9,0.0009316666666666666,0.008235933333333332
2023-12-04 02:35:44,493,245.0,55.9,0.0009316666666666666,0.008235933333333332
2023-12-04 02:36:31,493,245.0,55.9,0.0009316666666666666,0.008235933333333332
2023-12-04 02:36:32,493,245.0,55.9,0.0009316666666666666,0.008235933333333332
2023-12-04 02:36:44,493,245.0,55.9,0.0009316666666666666,0.008235933333333332
2023-12-04 02:37:31,0,244.6,0.0,0.0,0.0
2023-12-04 02:37:32,0,244.6,0.0,0.0,0.0
2023-12-04 02:37:44,0,244.6,0.0,0.0,0.0
2023-12-04 02:38:32,0,244.6,0.0,0.0,0.0
2023-12-04 02:38:33,0,244.6,0.0,0.0,0.0
2023-12-04 02:38:44,0,244.6,0.0,0.0,0.0
2023-12-04 02:39:31,0,244.6,0.0,0.0,0.0
2023-12-04 02:39:34,0,244.6,0.0,0.0,0.0
2023-12-04 02:39:44,0,244.6,0.0,0.0,0.0
2023-12-04 02:40:32,0,244.6,0.0,0.0,0.0
2023-12-04 02:40:35,0,244.6,0.0,0.0,0.0
2023-12-04 02:40:44,0,244.6,0.0,0.0,0.0
2023-12-04 02:41:33,0,244.6,0.0,0.0,0.0
2023-12-04 02:41:36,0,244.6,0.0,0.0,0.0
2023-12-04 02:41:44,0,244.6,0.0,0.0,0.0
2023-12-04 02:48:40,490,246.0,55.5,0.000925,0.008177
2023-12-04 02:48:43,490,246.0,55.5,0.000925,0.008177
2023-12-04 02:48:44,490,246.0,55.5,0.000925,0.008177
2023-12-04 02:49:41,490,246.0,55.5,0.000925,0.008177
2023-12-04 02:49:44,490,246.0,55.5,0.000925,0.008177
2023-12-04 02:49:44,490,246.0,55.5,0.000925,0.008177
2023-12-04 02:50:42,490,246.0,55.5,0.000925,0.008177
2023-12-04 02:50:44,490,246.0,55.5,0.000925,0.008177
2023-12-04 02:50:44,490,246.0,55.5,0.000925,0.008177
2023-12-04 02:51:43,490,246.0,55.5,0.000925,0.008177
2023-12-04 02:51:44,490,246.0,55.5,0.000925,0.008177
2023-12-04 02:51:44,490,246.0,55.5,0.000925,0.008177
2023-12-04 02:52:44,490,246.0,55.5,0.000925,0.008177
2023-12-04 02:52:45,490,246.0,55.5,0.000925,0.008177
2023-12-04 02:52:45,490,246.0,55.5,0.000925,0.008177
2023-12-04 02:53:43,490,246.0,55.5,0.000925,0.008177
2023-12-04 02:53:44,490,246.0,55.5,0.000925,0.008177
2023-12-04 02:53:44,490,246.0,55.5,0.000925,0.008177
2023-12-04 02:54:22,490,246.0,55.5,0.000925,0.008177
2023-12-04 02:54:31,490,246.0,55.5,0.000925,0.008177
2023-12-04 02:54:44,490,246.0,55.5,0.000925,0.008177
2023-12-04 02:55:14,490,246.0,55.5,0.000925,0.008177
2023-12-04 02:55:32,490,246.0,55.5,0.000925,0.008177
2023-12-04 02:55:44,490,246.0,55.5,0.000925,0.008177
2023-12-04 02:59:23,490,246.0,55.5,0.000925,0.008177
2023-12-04 02:59:44,490,246.0,55.5,0.000925,0.008177
2023-12-04 03:00:29,490,246.0,55.5,0.000925,0.008177
2023-12-04 03:01:29,490,246.0,55.5,0.000925,0.008177
2023-12-04 03:02:29,490,246.0,55.5,0.000925,0.008177
2023-12-04 03:03:30,490,246.0,55.5,0.000925,0.008177
2023-12-04 03:04:31,490,246.0,55.5,0.000925,0.008177
2023-12-04 03:05:32,490,246.0,55.5,0.000925,0.008177
2023-12-04 03:06:33,490,246.0,55.5,0.000925,0.008177
2023-12-04 03:07:34,490,246.0,55.5,0.000925,0.008177
2023-12-04 03:08:35,490,246.0,55.5,0.000925,0.008177
2023-12-04 03:09:36,490,246.0,55.5,0.000925,0.008177
2023-12-04 03:12:39,490,246.0,55.5,0.000925,0.008177
2023-12-04 03:13:43,490,246.0,55.5,0.000925,0.008177
2023-12-04 03:14:41,490,246.0,55.5,0.000925,0.008177
2023-12-04 03:15:42,490,246.0,55.5,0.000925,0.008177
2023-12-04 03:16:29,490,246.0,55.5,0.000925,0.008177
2023-12-04 03:16:31,490,246.0,55.5,0.000925,0.008177
2023-12-04 03:17:17,490,246.0,55.5,0.000925,0.008177
2023-12-04 03:17:29,490,246.0,55.5,0.000925,0.008177
2023-12-04 03:17:31,490,246.0,55.5,0.000925,0.008177
2023-12-04 03:18:17,490,246.0,55.5,0.000925,0.008177
2023-12-04 03:18:30,490,246.0,55.5,0.000925,0.008177
2023-12-04 03:18:31,490,246.0,55.5,0.000925,0.008177
2023-12-04 03:19:17,490,246.0,55.5,0.000925,0.008177
2023-12-04 03:19:31,490,246.0,55.5,0.000925,0.008177
2023-12-04 03:19:32,490,246.0,55.5,0.000925,0.008177
2023-12-04 03:19:33,490,246.0,55.5,0.000925,0.008177
2023-12-04 03:20:17,490,246.0,55.5,0.000925,0.008177
2023-12-04 03:20:31,490,246.0,55.5,0.000925,0.008177
2023-12-04 03:20:32,490,246.0,55.5,0.000925,0.008177
2023-12-04 03:20:33,490,246.0,55.5,0.000925,0.008177
2023-12-04 03:21:17,490,246.0,55.5,0.000925,0.008177
2023-12-04 03:21:32,490,246.0,55.5,0.000925,0.008177
2023-12-04 03:21:33,490,246.0,55.5,0.000925,0.008177
2023-12-04 03:21:34,490,246.0,55.5,0.000925,0.008177
2023-12-04 03:22:18,490,246.0,55.5,0.000925,0.008177
2023-12-04 03:22:33,490,246.0,55.5,0.000925,0.008177
2023-12-04 03:22:33,490,246.0,55.5,0.000925,0.008177
2023-12-04 03:22:34,490,246.0,55.5,0.000925,0.008177
2023-12-04 03:23:19,490,246.0,55.5,0.000925,0.008177
2023-12-04 03:23:33,490,246.0,55.5,0.000925,0.008177
2023-12-04 03:23:34,490,246.0,55.5,0.000925,0.008177
2023-12-04 03:23:35,490,246.0,55.5,0.000925,0.008177
2023-12-04 03:24:20,490,246.0,55.5,0.000925,0.008177
2023-12-04 03:24:34,490,246.0,55.5,0.000925,0.008177
2023-12-04 03:24:35,490,246.0,55.5,0.000925,0.008177
2023-12-04 03:24:36,490,246.0,55.5,0.000925,0.008177
2023-12-04 03:25:21,490,246.0,55.5,0.000925,0.008177
2023-12-04 03:25:35,490,246.0,55.5,0.000925,0.008177
2023-12-04 03:25:36,490,246.0,55.5,0.000925,0.008177
2023-12-04 03:25:37,490,246.0,55.5,0.000925,0.008177
2023-12-04 03:26:22,490,246.0,55.5,0.000925,0.008177
2023-12-04 03:26:36,490,246.0,55.5,0.000925,0.008177
2023-12-04 03:26:37,490,246.0,55.5,0.000925,0.008177
2023-12-04 03:26:38,490,246.0,55.5,0.000925,0.008177
2023-12-04 03:27:23,490,246.0,55.5,0.000925,0.008177
2023-12-04 03:27:37,490,246.0,55.5,0.000925,0.008177
2023-12-04 03:27:38,490,246.0,55.5,0.000925,0.008177
2023-12-04 03:27:39,490,246.0,55.5,0.000925,0.008177
2023-12-04 03:28:24,490,246.0,55.5,0.000925,0.008177
2023-12-04 03:28:38,490,246.0,55.5,0.000925,0.008177
2023-12-04 03:28:39,490,246.0,55.5,0.000925,0.008177
2023-12-04 03:28:40,490,246.0,55.5,0.000925,0.008177
2023-12-04 03:29:25,490,246.0,55.5,0.000925,0.008177
2023-12-04 03:29:39,490,246.0,55.5,0.000925,0.008177
2023-12-04 03:29:40,490,246.0,55.5,0.000925,0.008177
2023-12-04 03:29:41,490,246.0,55.5,0.000925,0.008177
2023-12-04 03:30:26,490,246.0,55.5,0.000925,0.008177
2023-12-04 03:30:40,490,246.0,55.5,0.000925,0.008177
2023-12-04 03:30:41,490,246.0,55.5,0.000925,0.008177
2023-12-04 03:30:42,490,246.0,55.5,0.000925,0.008177
2023-12-04 03:31:27,490,246.0,55.5,0.000925,0.008177
2023-12-04 03:31:41,490,246.0,55.5,0.000925,0.008177
2023-12-04 03:31:42,490,246.0,55.5,0.000925,0.008177
2023-12-04 03:31:43,490,246.0,55.5,0.000925,0.008177
2023-12-04 03:32:28,490,246.0,55.5,0.000925,0.008177
2023-12-04 03:32:42,490,246.0,55.5,0.000925,0.008177
2023-12-04 03:32:43,490,246.0,55.5,0.000925,0.008177
2023-12-04 03:32:44,490,246.0,55.5,0.000925,0.008177
2023-12-04 03:33:29,490,246.0,55.5,0.000925,0.008177
2023-12-04 03:33:43,490,246.0,55.5,0.000925,0.008177
2023-12-04 03:33:44,490,246.0,55.5,0.000925,0.008177
2023-12-04 03:33:45,490,246.0,55.5,0.000925,0.008177
2023-12-04 03:34:30,490,246.0,55.5,0.000925,0.008177
2023-12-04 03:34:44,490,246.0,55.5,0.000925,0.008177
2023-12-04 03:34:44,490,246.0,55.5,0.000925,0.008177
2023-12-04 03:34:45,490,246.0,55.5,0.000925,0.008177
2023-12-04 03:35:23,490,246.0,55.5,0.000925,0.008177
2023-12-04 03:35:29,490,246.0,55.5,0.000925,0.008177
2023-12-07 14:02:08,0,241.8,0.0,0.0,0.0
2023-12-07 14:03:08,0,241.8,0.0,0.0,0.0
2023-12-07 14:04:08,0,241.8,0.0,0.0,0.0
2023-12-07 14:05:08,0,241.8,0.0,0.0,0.0
2023-12-07 14:06:08,0,241.8,0.0,0.0,0.0
2023-12-07 14:07:09,0,241.8,0.0,0.0,0.0
2023-12-07 14:08:10,0,241.8,0.0,0.0,0.0
2023-12-07 14:09:11,0,241.8,0.0,0.0,0.0
2023-12-07 14:10:12,0,241.8,0.0,0.0,0.0
2023-12-07 14:11:13,0,241.8,0.0,0.0,0.0
2023-12-07 14:15:18,0,241.8,0.0,0.0,0.0
2023-12-07 14:16:18,0,241.8,0.0,0.0,0.0
2023-12-07 14:17:19,0,241.8,0.0,0.0,0.0
2023-12-07 14:18:20,0,241.8,0.0,0.0,0.0
2023-12-07 14:19:21,0,241.8,0.0,0.0,0.0
2023-12-07 14:20:22,0,241.8,0.0,0.0,0.0
2023-12-07 14:21:23,0,241.8,0.0,0.0,0.0
2023-12-07 14:22:24,0,241.8,0.0,0.0,0.0
2023-12-07 14:23:25,0,241.8,0.0,0.0,0.0
2023-12-07 14:24:26,0,241.8,0.0,0.0,0.0
2023-12-07 14:25:27,0,241.8,0.0,0.0,0.0
2023-12-07 14:26:28,0,241.8,0.0,0.0,0.0
2023-12-07 14:27:29,0,241.8,0.0,0.0,0.0
2023-12-07 14:28:30,0,241.8,0.0,0.0,0.0
2023-12-07 14:29:31,0,241.8,0.0,0.0,0.0
2023-12-07 14:30:32,0,241.8,0.0,0.0,0.0
2023-12-07 14:31:33,0,241.8,0.0,0.0,0.0
2023-12-07 14:32:34,0,241.8,0.0,0.0,0.0
2023-12-07 14:33:35,0,241.8,0.0,0.0,0.0
2023-12-07 14:34:36,0,241.8,0.0,0.0,0.0
2023-12-07 14:35:37,0,241.8,0.0,0.0,0.0
2023-12-07 14:36:38,0,241.8,0.0,0.0,0.0
2023-12-07 14:37:39,0,241.8,0.0,0.0,0.0
2023-12-07 14:38:40,0,241.8,0.0,0.0,0.0
2023-12-07 14:39:41,0,241.8,0.0,0.0,0.0
2023-12-07 14:40:42,0,241.8,0.0,0.0,0.0
2023-12-07 14:41:43,0,241.8,0.0,0.0,0.0
2023-12-07 14:42:44,0,241.8,0.0,0.0,0.0
2023-12-07 14:43:45,0,241.8,0.0,0.0,0.0
2023-12-07 14:44:46,0,241.8,0.0,0.0,0.0
2023-12-07 14:45:47,0,241.8,0.0,0.0,0.0
2023-12-07 14:46:48,0,241.8,0.0,0.0,0.0
2023-12-07 14:47:49,0,241.8,0.0,0.0,0.0
2023-12-07 14:48:50,0,241.8,0.0,0.0,0.0
2023-12-07 14:49:51,0,241.8,0.0,0.0,0.0
2023-12-07 14:50:52,0,241.8,0.0,0.0,0.0
2023-12-07 14:51:53,0,241.8,0.0,0.0,0.0
2023-12-07 14:52:54,0,241.8,0.0,0.0,0.0
2023-12-07 14:53:55,0,241.8,0.0,0.0,0.0
2023-12-07 14:54:56,0,241.8,0.0,0.0,0.0
2023-12-07 14:55:57,0,241.8,0.0,0.0,0.0
2023-12-07 14:56:58,0,241.8,0.0,0.0,0.0
2023-12-07 14:57:58,0,241.8,0.0,0.0,0.0
2023-12-07 14:58:58,0,241.8,0.0,0.0,0.0
2023-12-07 14:59:58,0,241.8,0.0,0.0,0.0
2023-12-07 15:00:58,0,241.8,0.0,0.0,0.0
2023-12-07 15:01:58,0,241.8,0.0,0.0,0.0
2023-12-07 15:02:58,0,241.8,0.0,0.0,0.0
2023-12-07 15:03:58,0,241.8,0.0,0.0,0.0
2023-12-08 23:47:57,0,241.8,0.0,0.0,0.0
2023-12-08 23:48:57,0,241.8,0.0,0.0,0.0
2023-12-08 23:49:48,0,241.8,0.0,0.0,0.0
2023-12-08 23:49:57,0,241.8,0.0,0.0,0.0
2023-12-08 23:50:48,0,241.8,0.0,0.0,0.0
2023-12-08 23:50:57,0,241.8,0.0,0.0,0.0
2023-12-08 23:51:48,0,241.8,0.0,0.0,0.0
2023-12-08 23:51:57,0,241.8,0.0,0.0,0.0
2023-12-08 23:52:48,0,241.8,0.0,0.0,0.0
2023-12-08 23:52:58,0,241.8,0.0,0.0,0.0
2023-12-08 23:53:48,0,241.8,0.0,0.0,0.0
2023-12-08 23:53:59,0,241.8,0.0,0.0,0.0
2023-12-08 23:54:48,0,241.8,0.0,0.0,0.0
2023-12-08 23:55:00,0,241.8,0.0,0.0,0.0
2023-12-08 23:55:48,0,241.8,0.0,0.0,0.0
2023-12-08 23:56:01,0,241.8,0.0,0.0,0.0
2023-12-08 23:56:48,0,241.8,0.0,0.0,0.0
2023-12-08 23:57:02,0,241.8,0.0,0.0,0.0
2023-12-08 23:57:48,0,241.8,0.0,0.0,0.0
2023-12-08 23:58:03,0,241.8,0.0,0.0,0.0
2023-12-08 23:58:49,0,241.8,0.0,0.0,0.0
2023-12-08 23:59:04,0,241.8,0.0,0.0,0.0
2023-12-08 23:59:48,0,241.8,0.0,0.0,0.0
2023-12-09 00:00:06,0,241.8,0.0,0.0,0.0
2023-12-09 00:00:48,0,241.8,0.0,0.0,0.0
2023-12-09 00:01:06,0,241.8,0.0,0.0,0.0
2023-12-09 00:01:48,0,241.8,0.0,0.0,0.0
2023-12-09 00:02:07,0,241.8,0.0,0.0,0.0
2023-12-09 00:02:48,0,241.8,0.0,0.0,0.0
2023-12-09 00:03:08,0,241.8,0.0,0.0,0.0
2023-12-09 00:03:48,0,241.8,0.0,0.0,0.0
2023-12-09 00:04:09,0,241.8,0.0,0.0,0.0
2023-12-09 00:04:48,0,241.8,0.0,0.0,0.0
2023-12-09 00:05:10,0,241.8,0.0,0.0,0.0
2023-12-09 00:05:48,0,241.8,0.0,0.0,0.0
2023-12-09 00:06:11,0,241.8,0.0,0.0,0.0
2023-12-09 00:06:48,0,241.8,0.0,0.0,0.0
2023-12-09 00:07:12,0,241.8,0.0,0.0,0.0
2023-12-09 00:07:48,0,241.8,0.0,0.0,0.0
2023-12-09 00:08:13,0,241.8,0.0,0.0,0.0
2023-12-09 00:08:48,0,241.8,0.0,0.0,0.0
2023-12-09 00:09:14,0,241.8,0.0,0.0,0.0
2023-12-09 00:09:48,0,241.8,0.0,0.0,0.0
2023-12-09 00:10:15,0,241.8,0.0,0.0,0.0
2023-12-09 00:10:48,0,241.8,0.0,0.0,0.0
2023-12-09 00:11:16,0,241.8,0.0,0.0,0.0
2023-12-09 00:11:48,0,241.8,0.0,0.0,0.0
2023-12-09 00:12:17,0,241.8,0.0,0.0,0.0
2023-12-09 00:12:48,0,241.8,0.0,0.0,0.0
2023-12-09 00:13:18,0,241.8,0.0,0.0,0.0
2023-12-09 00:13:48,0,241.8,0.0,0.0,0.0
2023-12-09 00:14:19,0,241.8,0.0,0.0,0.0
2023-12-09 00:14:48,0,241.8,0.0,0.0,0.0
2023-12-09 00:15:20,0,241.8,0.0,0.0,0.0
2023-12-09 00:15:48,0,241.8,0.0,0.0,0.0
2023-12-09 00:16:20,0,241.8,0.0,0.0,0.0
2023-12-09 00:16:48,0,241.8,0.0,0.0,0.0
2023-12-09 00:17:20,0,241.8,0.0,0.0,0.0
2023-12-09 00:17:48,0,241.8,0.0,0.0,0.0
2023-12-09 00:18:20,0,241.8,0.0,0.0,0.0
2023-12-09 00:18:48,0,241.8,0.0,0.0,0.0
2023-12-09 00:19:20,0,241.8,0.0,0.0,0.0
2023-12-09 00:19:48,0,241.8,0.0,0.0,0.0
2023-12-09 00:20:20,0,241.8,0.0,0.0,0.0
2023-12-09 00:20:48,0,241.8,0.0,0.0,0.0
2023-12-09 00:21:20,0,241.8,0.0,0.0,0.0
2023-12-09 00:21:48,0,241.8,0.0,0.0,0.0
2023-12-09 00:22:20,0,241.8,0.0,0.0,0.0
2023-12-09 00:22:48,0,241.8,0.0,0.0,0.0
2023-12-09 00:23:20,0,241.8,0.0,0.0,0.0
2023-12-09 00:23:48,0,241.8,0.0,0.0,0.0
2023-12-09 00:24:20,0,241.8,0.0,0.0,0.0
2023-12-09 00:24:48,0,241.8,0.0,0.0,0.0
2023-12-09 00:25:20,0,241.8,0.0,0.0,0.0
2023-12-09 00:25:48,0,241.8,0.0,0.0,0.0
2023-12-09 00:26:20,0,241.8,0.0,0.0,0.0
2023-12-09 00:26:49,0,241.8,0.0,0.0,0.0
2023-12-09 00:27:20,0,241.8,0.0,0.0,0.0
2023-12-09 00:27:48,0,241.8,0.0,0.0,0.0
2023-12-09 00:28:20,0,241.8,0.0,0.0,0.0
2023-12-09 00:28:48,0,241.8,0.0,0.0,0.0
2023-12-09 00:29:20,0,241.8,0.0,0.0,0.0
2023-12-09 00:29:48,0,241.8,0.0,0.0,0.0
2023-12-09 00:30:20,0,241.8,0.0,0.0,0.0
2023-12-09 00:30:48,0,241.8,0.0,0.0,0.0
2023-12-09 00:31:20,0,241.8,0.0,0.0,0.0
2023-12-09 00:31:48,0,241.8,0.0,0.0,0.0
2023-12-09 00:32:20,0,241.8,0.0,0.0,0.0
2023-12-09 00:32:48,0,241.8,0.0,0.0,0.0
2023-12-09 00:33:20,0,241.8,0.0,0.0,0.0
2023-12-09 00:33:48,0,241.8,0.0,0.0,0.0
2023-12-09 00:34:20,0,241.8,0.0,0.0,0.0
2023-12-09 00:34:48,0,241.8,0.0,0.0,0.0
2023-12-09 00:35:20,0,241.8,0.0,0.0,0.0
2023-12-09 00:35:48,0,241.8,0.0,0.0,0.0
2023-12-09 00:36:20,0,241.8,0.0,0.0,0.0
2023-12-09 00:36:48,0,241.8,0.0,0.0,0.0
2023-12-09 00:37:20,0,241.8,0.0,0.0,0.0
2023-12-09 00:37:49,0,241.8,0.0,0.0,0.0
2023-12-09 00:38:20,0,241.8,0.0,0.0,0.0
2023-12-09 00:38:48,0,241.8,0.0,0.0,0.0
2023-12-09 00:39:20,0,241.8,0.0,0.0,0.0
2023-12-09 00:39:48,0,241.8,0.0,0.0,0.0
2023-12-09 00:40:20,0,241.8,0.0,0.0,0.0
2023-12-09 00:40:48,0,241.8,0.0,0.0,0.0
2023-12-09 00:41:20,0,241.8,0.0,0.0,0.0
2023-12-09 00:41:48,0,241.8,0.0,0.0,0.0
2023-12-09 00:42:20,0,241.8,0.0,0.0,0.0
2023-12-09 00:42:48,0,241.8,0.0,0.0,0.0
2023-12-09 00:43:20,0,241.8,0.0,0.0,0.0
2023-12-09 00:43:48,0,241.8,0.0,0.0,0.0
2023-12-09 00:44:20,0,241.8,0.0,0.0,0.0
2023-12-09 00:44:48,0,241.8,0.0,0.0,0.0
2023-12-09 00:45:20,0,241.8,0.0,0.0,0.0
2023-12-09 00:45:48,0,241.8,0.0,0.0,0.0
2023-12-09 00:46:20,0,241.8,0.0,0.0,0.0
2023-12-09 00:46:48,0,241.8,0.0,0.0,0.0
2023-12-09 00:47:20,0,241.8,0.0,0.0,0.0
2023-12-09 00:47:48,0,241.8,0.0,0.0,0.0
2023-12-09 00:48:20,0,241.8,0.0,0.0,0.0
2023-12-09 00:48:48,0,241.8,0.0,0.0,0.0
2023-12-09 00:49:48,0,241.8,0.0,0.0,0.0
2023-12-09 00:50:48,0,241.8,0.0,0.0,0.0
2023-12-09 00:51:48,0,241.8,0.0,0.0,0.0
2023-12-09 00:52:48,0,241.8,0.0,0.0,0.0
2023-12-09 00:53:48,0,241.8,0.0,0.0,0.0
2023-12-09 00:54:48,0,241.8,0.0,0.0,0.0
2023-12-09 00:55:48,0,241.8,0.0,0.0,0.0
2023-12-09 00:56:48,0,241.8,0.0,0.0,0.0
2023-12-09 00:57:48,0,241.8,0.0,0.0,0.0
2023-12-09 00:58:48,0,241.8,0.0,0.0,0.0
2023-12-09 00:59:48,0,241.8,0.0,0.0,0.0
2023-12-09 01:00:48,0,241.8,0.0,0.0,0.0
2023-12-09 01:01:48,0,241.8,0.0,0.0,0.0
2023-12-09 01:02:48,0,241.8,0.0,0.0,0.0
2023-12-09 01:03:48,0,241.8,0.0,0.0,0.0
2023-12-09 01:04:48,0,241.8,0.0,0.0,0.0
2023-12-09 01:05:48,0,241.8,0.0,0.0,0.0
2023-12-09 01:06:48,0,241.8,0.0,0.0,0.0
2023-12-09 01:07:48,0,241.8,0.0,0.0,0.0
2023-12-09 01:08:48,0,241.8,0.0,0.0,0.0
2023-12-09 01:09:48,0,241.8,0.0,0.0,0.0
2023-12-09 01:10:48,0,241.8,0.0,0.0,0.0
2023-12-09 01:11:48,0,241.8,0.0,0.0,0.0
2023-12-09 01:38:07,0,241.8,0.0,0.0,0.0
